{"type": "Feature","bbox": [-148.718,-19.6611,-136.2906,-14.0903],"geometry": {"type": "MultiPolygon","coordinates": [[[[-140.4119,-19.6081,2.8692],[-140.4206,-19.6072,0.0],[-140.4214,-19.6097,5.5022],[-140.4272,-19.6142,1.5127],[-140.438,-19.6342,0.0],[-140.4358,-19.645,1.3159],[-140.4264,-19.6544,0.4071],[-140.4117,-19.6608,0.0],[-140.4003,-19.6611,1.3872],[-140.3933,-19.6592,1.8501],[-140.3878,-19.6553,0.9157],[-140.3825,-19.6483,2.4255],[-140.3803,-19.6367,3.6525],[-140.3858,-19.6286,0.0],[-140.3992,-19.6153,0.0],[-140.4053,-19.6106,0.5534],[-140.4119,-19.6081,2.8692]],
[[-140.4203,-19.6128,1.6606],[-140.4142,-19.6107,4.3943],[-140.4061,-19.6139,1.8699],[-140.3843,-19.6356,6.8429],[-140.3825,-19.64,0.0],[-140.3833,-19.6444,4.6838],[-140.3887,-19.653199999999998,3.0614],[-140.3943,-19.6559,3.8459],[-140.3992,-19.6561,0.0],[-140.4003,-19.6581,7.01],[-140.4017,-19.6564,0.4737],[-140.4039,-19.6585,6.4566],[-140.4047,-19.6572,0.6223],[-140.4097,-19.6581,1.561],[-140.4106,-19.6561,0.0],[-140.4194,-19.6544,0.0],[-140.4208,-19.6525,0.0],[-140.4222,-19.6533,0.9006],[-140.4225,-19.6517,0.3065],[-140.4294,-19.6464,0.0],[-140.4336,-19.6361,0.0],[-140.4311,-19.6253,0.6698],[-140.4297,-19.6253,0.6698],[-140.4234,-19.615,0.5659],[-140.4212,-19.6144,0.0],[-140.4214,-19.6124,1.6606],[-140.4203,-19.6128,1.6606]]],
[[[-138.6706,-19.3889,4.512],[-138.6739,-19.3858,0.0],[-138.6772,-19.3858,0.0],[-138.685,-19.3897,0.0],[-138.6867,-19.3944,0.0],[-138.6847,-19.4014,0.0],[-138.6778,-19.4056,0.0],[-138.6686,-19.4039,0.1112],[-138.6661,-19.3983,0.0],[-138.6664,-19.395,0.0],[-138.6706,-19.3889,4.512]]],
[[[-139.1957,-19.3417,5.5595],[-139.1959,-19.3393,5.0618],[-139.1997,-19.3345,1.5444],[-139.2059,-19.3302,7.9836],[-139.2121,-19.3279,0.3313],[-139.2192,-19.3297,6.9939],[-139.2199,-19.3323,1.033],[-139.215,-19.3303,3.189],[-139.2058,-19.3317,0.9265],[-139.1978,-19.34,3.5563],[-139.2046,-19.359,2.0541],[-139.2111,-19.3649,5.4748],[-139.218,-19.3658,1.5612],[-139.2169,-19.3678,4.5822],[-139.2131,-19.3678,5.649],[-139.2033,-19.3614,6.5967],[-139.1957,-19.3417,5.5595]]],
[[[-139.2404,-19.3436,6.7168],[-139.2324,-19.3402,2.0497],[-139.2322,-19.3385,6.0143],[-139.2412,-19.3408,1.7174],[-139.2585,-19.3511,1.2404],[-139.2603,-19.3544,5.8759],[-139.2575,-19.3565,0.0],[-139.249,-19.3564,0.9109],[-139.2495,-19.3537,1.8819],[-139.2538,-19.3533,4.0513],[-139.2538,-19.3521,1.3035],[-139.2404,-19.3436,6.7168]]],
[[[-138.7627,-19.2742,0.0],[-138.7675,-19.2717,0.0],[-138.775,-19.2769,2.5844],[-138.7836,-19.2783,6.7198],[-138.7972,-19.2739,0.0],[-138.8044,-19.2742,0.0],[-138.8097,-19.2775,0.0],[-138.8114,-19.2831,0.0],[-138.8067,-19.2858,0.0],[-138.7971,-19.285,0.0],[-138.7974,-19.2836,0.0],[-138.8031,-19.2844,0.0],[-138.8033,-19.2833,0.0],[-138.797,-19.2825,7.1221],[-138.7942,-19.2847,0.0],[-138.7664,-19.2875,0.0],[-138.7619,-19.2856,0.0],[-138.7614,-19.2794,0.0],[-138.7627,-19.2742,0.0]]],
[[[-140.7027,-19.1456,0.3702],[-140.7042,-19.1469,0.0],[-140.7042,-19.1477,0.0],[-140.7025,-19.1478,1.0355],[-140.7027,-19.1456,0.3702]]],
[[[-140.7042,-19.1442,0.0],[-140.7065,-19.1454,0.3837],[-140.7053,-19.1468,0.0],[-140.7036,-19.1447,0.9826],[-140.7042,-19.1442,0.0]]],
[[[-140.7006,-19.1161,0.0],[-140.7161,-19.1153,1.9427],[-140.72,-19.1175,0.0],[-140.7214,-19.1278,0.8111],[-140.7164,-19.1367,0.0],[-140.7142,-19.1347,0.5725],[-140.7167,-19.1286,0.0],[-140.7169,-19.1214,0.0],[-140.7097,-19.1175,8.2306],[-140.6831,-19.1231,0.0],[-140.6806,-19.1222,5.4146],[-140.6678,-19.1242,3.5101],[-140.6639,-19.1264,2.522],[-140.6611,-19.1319,1.0547],[-140.6628,-19.1389,1.5282],[-140.6706,-19.1489,0.0],[-140.6853,-19.1542,0.0],[-140.6906,-19.1519,0.0],[-140.6933,-19.1528,0.4774],[-140.6967,-19.1492,0.0],[-140.6983,-19.1517,0.0],[-140.6956,-19.1539,0.0],[-140.6822,-19.1575,0.0],[-140.6731,-19.1539,0.0],[-140.6625,-19.1456,0.0],[-140.6581,-19.1339,5.863],[-140.6597,-19.1264,0.0],[-140.6633,-19.1228,0.0],[-140.672,-19.1197,1.5001],[-140.6786,-19.1208,2.9695],[-140.6817,-19.1192,0.0],[-140.6953,-19.1183,8.0366],[-140.7006,-19.1161,0.0]]],
[[[-138.8413,-18.7837,1.4991],[-138.8433,-18.7811,0.0],[-138.8475,-18.7817,0.0],[-138.8464,-18.7863,0.0],[-138.843,-18.7857,0.0],[-138.8413,-18.7837,1.4991]]],
[[[-138.8375,-18.7847,0.0],[-138.8331,-18.7844,0.4755],[-138.8333,-18.7806,0.0],[-138.8383,-18.7808,0.0],[-138.8392,-18.7828,0.0],[-138.8375,-18.7847,0.0]]],
[[[-138.8013,-18.7795,0.0],[-138.8039,-18.7793,0.8331],[-138.8049,-18.782,0.1865],[-138.8013,-18.7822,0.0],[-138.8013,-18.7795,0.0]]],
[[[-138.7991,-18.7801,1.061],[-138.7992,-18.7779,0.0],[-138.8005,-18.7774,0.0],[-138.7999,-18.7818,0.0],[-138.7991,-18.7801,1.061]]],
[[[-138.8469,-18.7767,0.0],[-138.85,-18.7736,1.1129],[-138.855,-18.7733,1.3106],[-138.8608,-18.7779,0.0],[-138.8612,-18.7833,0.0],[-138.8589,-18.7845,0.7128],[-138.8547,-18.7819,1.3822],[-138.854,-18.7841,0.2832],[-138.8497,-18.7829,0.429],[-138.8494,-18.7809,0.2682],[-138.8517,-18.7789,3.5535],[-138.8469,-18.7767,0.0]]],
[[[-138.8417,-18.7725,2.314],[-138.8386,-18.77,0.0],[-138.8408,-18.7675,0.0],[-138.8433,-18.7675,0.0],[-138.8486,-18.7711,0.4996],[-138.8456,-18.7744,1.7845],[-138.8417,-18.7725,2.314]]],
[[[-138.7997,-18.7603,0.0],[-138.8097,-18.7594,0.0],[-138.8328,-18.7644,0.0],[-138.8339,-18.7658,0.0],[-138.8322,-18.7686,0.0],[-138.8142,-18.765,0.0],[-138.7915,-18.7667,2.8595],[-138.7884,-18.7713,7.0185],[-138.7958,-18.7769,1.3585],[-138.7953,-18.7781,0.0],[-138.7907,-18.777,1.0207],[-138.7863,-18.7744,3.5163],[-138.7869,-18.7775,0.0],[-138.7843,-18.7739,0.0],[-138.7844,-18.7678,0.0],[-138.7914,-18.7622,0.0],[-138.7997,-18.7603,0.0]]],
[[[-139.2056,-18.5547,4.0361],[-139.2106,-18.5522,0.0],[-139.2169,-18.5528,0.0],[-139.2217,-18.56,0.4219],[-139.2161,-18.5628,0.9907],[-139.2072,-18.5622,0.0],[-139.2025,-18.5575,0.661],[-139.2056,-18.5547,4.0361]]],
[[[-141.2495,-19.1792,0.0],[-141.255,-19.1778,0.0],[-141.2597,-19.18,0.0],[-141.2628,-19.1853,1.7623],[-141.2631,-19.1972,0.0],[-141.2614,-19.1983,1.1614],[-141.2569,-19.2108,0.0],[-141.2486,-19.2194,2.9731],[-141.2425,-19.2225,0.824],[-141.2333,-19.2219,0.0],[-141.2253,-19.2147,0.0],[-141.2261,-19.2042,0.603],[-141.2339,-19.1917,0.0],[-141.2461,-19.1803,0.0],[-141.2495,-19.1792,0.0]],
[[-141.2589,-19.1961,0.0],[-141.2581,-19.1942,0.0],[-141.2597,-19.1925,1.4361],[-141.2575,-19.1858,2.0046],[-141.2542,-19.1831,0.0],[-141.2472,-19.1833,0.0],[-141.2322,-19.1983,0.0],[-141.2283,-19.2078,0.0],[-141.2286,-19.2136,0.0],[-141.2359,-19.2192,2.5501],[-141.2411,-19.2194,0.3676],[-141.2461,-19.2175,1.1347],[-141.2531,-19.2094,2.2409],[-141.2589,-19.1961,0.0]]],
[[[-141.8021,-18.8041,0.0],[-141.8018,-18.8052,0.0],[-141.7998,-18.8048,0.0],[-141.8001,-18.804,0.0],[-141.8021,-18.8041,0.0]]],
[[[-141.7668,-18.7858,0.0],[-141.7678,-18.7847,0.0],[-141.7691,-18.7847,0.0],[-141.7686,-18.7858,0.0],[-141.7668,-18.7858,0.0]]],
[[[-141.84,-18.7064,0.0],[-141.8492,-18.7042,0.0],[-141.8586,-18.7042,0.0],[-141.8678,-18.7083,0.0],[-141.8711,-18.7161,0.0],[-141.8689,-18.73,0.0],[-141.8669,-18.7353,0.0],[-141.8614,-18.7419,0.0],[-141.8564,-18.7458,0.0],[-141.8517,-18.7531,0.0],[-141.8494,-18.7528,0.0],[-141.8439,-18.7578,0.0],[-141.8347,-18.7706,0.0],[-141.8269,-18.7858,0.0],[-141.8233,-18.7964,0.0],[-141.8242,-18.7978,0.0],[-141.8139,-18.8075,0.0],[-141.8117,-18.8042,0.0],[-141.8186,-18.7972,0.0],[-141.8167,-18.7947,0.0],[-141.82,-18.795,0.0],[-141.8183,-18.7922,0.0],[-141.8228,-18.7883,0.0],[-141.8219,-18.7869,0.0],[-141.8272,-18.7725,0.0],[-141.83,-18.7711,0.0],[-141.8286,-18.7689,0.0],[-141.8317,-18.7686,0.0],[-141.8392,-18.7569,0.0],[-141.8419,-18.7547,0.0],[-141.8436,-18.7556,0.0],[-141.8514,-18.7492,0.0],[-141.8511,-18.7428,0.0],[-141.8539,-18.7461,0.0],[-141.8564,-18.7431,0.0],[-141.855,-18.7408,0.0],[-141.8564,-18.7386,0.0],[-141.8592,-18.7394,0.0],[-141.8608,-18.7375,0.0],[-141.8605,-18.7336,0.0],[-141.8633,-18.7342,0.0],[-141.8622,-18.7308,0.0],[-141.8661,-18.7208,0.0],[-141.8636,-18.7125,0.0],[-141.8583,-18.7089,0.0],[-141.8517,-18.7081,0.0],[-141.8336,-18.71,0.0],[-141.8339,-18.7078,0.0],[-141.84,-18.7064,0.0]]],
[[[-141.8106,-18.7122,0.0],[-141.8181,-18.7097,0.0],[-141.8167,-18.7128,0.0],[-141.8044,-18.7158,0.0],[-141.795,-18.7208,0.0],[-141.7814,-18.7372,0.0],[-141.7653,-18.7467,0.0],[-141.7586,-18.7536,0.0],[-141.7581,-18.7586,0.0],[-141.7675,-18.7811,0.0],[-141.7653,-18.7831,0.0],[-141.7575,-18.765,0.0],[-141.7517,-18.7567,0.0],[-141.7525,-18.7536,0.0],[-141.7611,-18.7453,0.0],[-141.7764,-18.7372,0.0],[-141.7878,-18.7231,0.0],[-141.7894,-18.7231,0.0],[-141.7961,-18.7167,0.0],[-141.8106,-18.7122,0.0]]],
[[[-141.8239,-18.7086,0.0],[-141.8314,-18.7081,0.0],[-141.8322,-18.7103,0.0],[-141.8233,-18.7119,0.0],[-141.8192,-18.7106,0.0],[-141.82,-18.7089,0.0],[-141.8239,-18.7086,0.0]]],
[[[-142.1714,-18.3194,0.0],[-142.1642,-18.31,0.0],[-142.1544,-18.2922,0.0],[-142.1475,-18.2842,0.0],[-142.1414,-18.2806,0.0],[-142.1408,-18.2769,0.0],[-142.15,-18.2811,0.0],[-142.1561,-18.2872,0.0],[-142.1678,-18.3089,0.1409],[-142.1714,-18.3131,0.9682],[-142.1742,-18.3128,0.8666],[-142.1769,-18.3192,1.4536],[-142.1761,-18.3125,1.7553],[-142.18,-18.3119,0.0],[-142.1786,-18.3114,2.9483],[-142.1814,-18.305,0.4326],[-142.1814,-18.2958,0.0],[-142.1839,-18.2933,0.2587],[-142.1856,-18.2944,0.0],[-142.1842,-18.3128,0.0],[-142.1769,-18.3217,0.0],[-142.1714,-18.3194,0.0]]],
[[[-142.1252,-18.2759,0.0],[-142.1242,-18.2744,0.0],[-142.1268,-18.2734,0.1263],[-142.1271,-18.2759,0.0],[-142.1252,-18.2759,0.0]]],
[[[-140.9092,-18.2856,1.4135],[-140.9122,-18.2806,0.8739],[-140.9147,-18.2817,0.4207],[-140.9067,-18.2952,0.0],[-140.9036,-18.3083,0.0],[-140.8978,-18.3147,0.0],[-140.8958,-18.3125,0.6835],[-140.8992,-18.3094,5.5453],[-140.8981,-18.3075,0.0],[-140.9014,-18.305,1.0211],[-140.9003,-18.3025,0.0],[-140.9028,-18.3008,0.0],[-140.9033,-18.2958,1.5522],[-140.9053,-18.2953,0.0],[-140.9039,-18.2925,0.3132],[-140.9092,-18.2856,1.4135]]],
[[[-140.9294,-18.2644,0.0],[-140.9325,-18.2606,0.0],[-140.935,-18.2617,0.716],[-140.9328,-18.2661,0.7671],[-140.9156,-18.2808,0.0],[-140.9125,-18.2786,0.0],[-140.9189,-18.2725,0.0],[-140.9203,-18.2733,0.9684],[-140.9203,-18.2711,0.0],[-140.9294,-18.2644,0.0]]],
[[[-140.9342,-18.2569,0.3158],[-140.9367,-18.2581,2.5146],[-140.9364,-18.2606,0.0],[-140.9317,-18.2567,0.0],[-140.9342,-18.2569,0.3158]]],
[[[-140.9772,-18.2256,2.9213],[-140.98,-18.2208,0.0],[-140.9833,-18.2217,0.0],[-140.98,-18.2267,0.313],[-140.9706,-18.2328,0.6369],[-140.96,-18.2344,0.9018],[-140.9508,-18.2397,0.0],[-140.9433,-18.2467,1.3324],[-140.9375,-18.2572,0.0],[-140.9353,-18.2556,0.0],[-140.9367,-18.25,0.0],[-140.9394,-18.2492,0.7463],[-140.9428,-18.2414,0.4403],[-140.9483,-18.2369,0.9086],[-140.95,-18.2383,0.6214],[-140.9508,-18.2364,2.6647],[-140.9533,-18.2361,0.0],[-140.9519,-18.2347,0.0],[-140.9528,-18.2339,0.0],[-140.9583,-18.2339,0.5723],[-140.9644,-18.23,0.0],[-140.9697,-18.2294,0.0],[-140.9744,-18.2253,0.4324],[-140.9772,-18.2256,2.9213]]],
[[[-142.1708,-18.2736,0.0],[-142.1714,-18.2756,0.2472],[-142.1703,-18.2761,0.2308],[-142.1689,-18.2728,0.1772],[-142.1708,-18.2736,0.0]]],
[[[-142.1631,-18.2539,0.0],[-142.1633,-18.2503,0.0],[-142.1658,-18.2492,0.0],[-142.1664,-18.2539,0.0],[-142.1644,-18.2553,0.0],[-142.1631,-18.2539,0.0]]],
[[[-142.1644,-18.2375,0.1072],[-142.1642,-18.2339,0.0],[-142.1656,-18.2331,0.1537],[-142.1672,-18.2383,0.0],[-142.1653,-18.2411,0.2504],[-142.1636,-18.24,0.0],[-142.1644,-18.2375,0.1072]]],
[[[-142.1666,-18.2246,0.0],[-142.1689,-18.2219,0.0],[-142.1683,-18.2255,0.0],[-142.1666,-18.2258,0.0],[-142.1666,-18.2246,0.0]]],
[[[-136.4409,-18.4638,2.7799],[-136.4456,-18.4619,1.572],[-136.4594,-18.4627,0.0],[-136.465,-18.4657,3.2351],[-136.4667,-18.4728,0.0],[-136.4614,-18.4808,1.8068],[-136.4478,-18.4894,1.9961],[-136.4394,-18.4881,2.5093],[-136.4383,-18.4894,2.5093],[-136.4281,-18.4911,5.7946],[-136.4172,-18.5006,3.1821],[-136.4156,-18.5,4.3016],[-136.4161,-18.5017,3.1742],[-136.4139,-18.5042,3.226],[-136.4122,-18.5042,5.1777],[-136.4072,-18.5094,4.8037],[-136.4053,-18.5089,5.6112],[-136.4036,-18.5125,5.0208],[-136.4003,-18.5133,4.7116],[-136.3925,-18.52,0.0],[-136.3903,-18.5161,0.0],[-136.3908,-18.5144,4.5669],[-136.3944,-18.5153,4.5779],[-136.4022,-18.5108,5.7994],[-136.4033,-18.5075,4.8569],[-136.4089,-18.5047,5.3427],[-136.4114,-18.5014,4.9937],[-136.4139,-18.5019,5.6848],[-136.4122,-18.4997,4.772],[-136.4128,-18.4969,0.0],[-136.4147,-18.4994,1.546],[-136.4167,-18.4956,6.0449],[-136.4186,-18.4964,7.6961],[-136.4233,-18.4908,5.0434],[-136.4269,-18.4903,5.4728],[-136.4278,-18.4875,4.613],[-136.43,-18.4897,1.7122],[-136.4344,-18.4856,4.2788],[-136.4367,-18.4875,7.3232],[-136.4431,-18.4875,3.8021],[-136.4467,-18.4853,3.4187],[-136.4478,-18.4864,3.3284],[-136.4511,-18.4856,2.6324],[-136.4578,-18.4803,3.473],[-136.4592,-18.4808,4.126],[-136.4599,-18.477,4.4785],[-136.4559,-18.4814,2.5383],[-136.4519,-18.4827,0.55],[-136.4583,-18.4764,4.4785],[-136.4594,-18.4694,7.8948],[-136.4542,-18.4642,3.4008],[-136.44,-18.4653,3.836],[-136.4314,-18.4722,3.3401],[-136.42,-18.4772,7.7567],[-136.4111,-18.4833,0.0],[-136.3944,-18.4886,7.437],[-136.3922,-18.4911,6.0537],[-136.3806,-18.495,0.7335],[-136.3595,-18.5161,0.0],[-136.33,-18.53,2.6732],[-136.298,-18.5556,3.6623],[-136.2928,-18.5636,4.126],[-136.2949,-18.5636,6.4508],[-136.3006,-18.5706,0.0],[-136.3086,-18.5731,0.0775],[-136.3103,-18.5753,1.3882],[-136.3111,-18.5736,0.2136],[-136.3144,-18.5753,1.1473],[-136.3164,-18.5736,0.2473],[-136.32,-18.5744,0.5053],[-136.3249,-18.5714,1.7887],[-136.3303,-18.5717,3.6501],[-136.3325,-18.5697,0.8467],[-136.3339,-18.5714,0.955],[-136.3375,-18.5672,0.5294],[-136.3419,-18.5658,0.9045],[-136.3453,-18.5617,1.2514],[-136.3472,-18.5614,1.2024],[-136.3489,-18.5567,0.0],[-136.3522,-18.5558,0.6171],[-136.3558,-18.5519,0.4049],[-136.3575,-18.5533,0.3773],[-136.3569,-18.5506,1.5469],[-136.3592,-18.5522,1.3354],[-136.3608,-18.5514,0.0],[-136.3578,-18.5483,1.0773],[-136.3597,-18.5489,3.2831],[-136.3603,-18.5447,3.5052],[-136.3625,-18.5447,2.3475],[-136.3656,-18.5414,3.6336],[-136.3644,-18.5397,0.7733],[-136.3667,-18.5386,3.0158],[-136.3669,-18.5347,3.736],[-136.3692,-18.5342,3.825],[-136.3683,-18.5331,3.825],[-136.3711,-18.5267,0.0],[-136.3742,-18.5281,4.1946],[-136.3722,-18.5261,1.3902],[-136.3731,-18.525,1.3902],[-136.3753,-18.5264,9.456],[-136.3783,-18.5225,0.0],[-136.3803,-18.5242,4.1233],[-136.3808,-18.5197,3.9363],[-136.3853,-18.5228,1.3157],[-136.385,-18.5192,2.5156],[-136.3892,-18.5172,1.0736],[-136.3897,-18.5189,3.1346],[-136.3861,-18.5231,0.873],[-136.3797,-18.5253,3.6383],[-136.3772,-18.5278,5.362],[-136.3775,-18.5297,2.2802],[-136.3745,-18.5314,2.0382],[-136.3745,-18.5333,0.6624],[-136.3706,-18.5356,4.1447],[-136.3708,-18.5403,0.0],[-136.3631,-18.5458,2.3475],[-136.3622,-18.5492,0.5658],[-136.3642,-18.5508,0.0],[-136.3622,-18.5531,0.0],[-136.3569,-18.5558,0.3872],[-136.3553,-18.5547,0.7259],[-136.3542,-18.5594,0.1307],[-136.3519,-18.5581,0.2986],[-136.3469,-18.565,0.2811],[-136.3419,-18.5686,0.229],[-136.3392,-18.5683,0.5392],[-136.3392,-18.5703,0.1197],[-136.3322,-18.5744,0.3405],[-136.328,-18.5744,1.118],[-136.3261,-18.5761,0.2553],[-136.3242,-18.5742,1.0612],[-136.3175,-18.5781,0.0],[-136.3008,-18.5794,0.0],[-136.2947,-18.5769,0.0],[-136.2906,-18.5728,1.592],[-136.2906,-18.5658,3.3519],[-136.2947,-18.5564,0.6966],[-136.3267,-18.5292,1.8309],[-136.3595,-18.5125,4.6954],[-136.3717,-18.5011,1.9757],[-136.3767,-18.4942,0.0],[-136.4136,-18.48,6.8936],[-136.4409,-18.4638,2.7799]]],
[[[-140.6919,-18.4222,0.0],[-140.6947,-18.4208,0.0],[-140.6961,-18.4233,0.0],[-140.6891,-18.4249,0.8516],[-140.687,-18.4272,0.2189],[-140.6836,-18.4256,0.7435],[-140.6769,-18.4278,0.3908],[-140.6753,-18.4239,0.5729],[-140.6761,-18.4222,0.2832],[-140.6775,-18.4264,0.3908],[-140.6775,-18.4222,0.0],[-140.6792,-18.4244,0.0],[-140.6811,-18.4222,0.0],[-140.6836,-18.4242,0.5922],[-140.6847,-18.4228,0.0],[-140.6907,-18.4234,0.4845],[-140.6919,-18.4222,0.0]]],
[[[-140.7619,-18.4139,0.0],[-140.7672,-18.4114,0.2876],[-140.7697,-18.4128,0.0],[-140.75,-18.4214,0.0],[-140.74,-18.4222,0.0],[-140.7381,-18.4253,0.0],[-140.7003,-18.4264,0.0],[-140.6975,-18.4233,0.4763],[-140.6986,-18.4214,0.2392],[-140.7044,-18.4244,0.497],[-140.7072,-18.4219,0.1368],[-140.7094,-18.4219,0.0],[-140.7114,-18.4242,0.5052],[-140.7128,-18.4222,0.1713],[-140.7131,-18.4247,0.6549],[-140.7186,-18.4244,0.6942],[-140.7206,-18.4217,0.0],[-140.7281,-18.4211,0.0],[-140.7317,-18.4231,1.6387],[-140.7353,-18.4228,0.224],[-140.7372,-18.4203,0.0],[-140.7444,-18.4181,0.0],[-140.7472,-18.4194,0.2177],[-140.7492,-18.4167,0.0],[-140.7619,-18.4139,0.0]]],
[[[-140.8203,-18.395,1.649],[-140.8217,-18.3956,0.0],[-140.82,-18.3919,0.0],[-140.8219,-18.3881,0.3416],[-140.8253,-18.3886,0.8874],[-140.8264,-18.3917,0.5173],[-140.8228,-18.3975,0.0],[-140.7914,-18.4097,0.0],[-140.7781,-18.4139,0.0],[-140.7734,-18.4124,0.0],[-140.7708,-18.4142,0.0],[-140.7711,-18.4117,0.0],[-140.7742,-18.4108,0.0],[-140.7753,-18.4083,0.0],[-140.7769,-18.4097,0.4951],[-140.7805,-18.4069,0.0],[-140.7842,-18.4061,0.0],[-140.785,-18.4072,0.0],[-140.7861,-18.4053,0.0],[-140.7931,-18.4028,0.0],[-140.7975,-18.4031,0.2453],[-140.8083,-18.3978,0.0],[-140.8103,-18.3986,0.2406],[-140.81,-18.3969,0.0],[-140.8139,-18.3933,0.0],[-140.8158,-18.3958,0.0],[-140.8181,-18.3931,0.4538],[-140.8203,-18.395,1.649]]],
[[[-140.8356,-18.3711,0.3662],[-140.8392,-18.3703,0.0],[-140.84,-18.3672,0.2955],[-140.8425,-18.3689,0.0],[-140.8317,-18.3806,0.8798],[-140.8325,-18.3814,0.43],[-140.8292,-18.3858,0.0],[-140.8294,-18.3883,0.0],[-140.8275,-18.3889,0.0],[-140.8253,-18.3852,0.7487],[-140.8267,-18.3825,0.0],[-140.8286,-18.3828,0.0],[-140.8269,-18.3808,0.0],[-140.8294,-18.3817,0.6481],[-140.8275,-18.3792,0.3221],[-140.8308,-18.3797,1.3972],[-140.83,-18.3775,0.0],[-140.8325,-18.3769,0.5185],[-140.8306,-18.3744,0.0],[-140.8336,-18.3764,1.0442],[-140.835,-18.3744,0.4295],[-140.8328,-18.3725,0.0],[-140.8358,-18.3739,0.6139],[-140.8356,-18.3711,0.3662]]],
[[[-140.8419,-18.3658,0.5346],[-140.843,-18.3647,0.5346],[-140.8453,-18.3683,0.0],[-140.8439,-18.3686,0.0],[-140.8419,-18.3658,0.5346]]],
[[[-140.845,-18.3644,0.0],[-140.8453,-18.3628,0.0],[-140.8479,-18.3626,0.0],[-140.8483,-18.3597,0.4651],[-140.8514,-18.3619,0.3099],[-140.8469,-18.3661,1.0985],[-140.845,-18.3644,0.0]]],
[[[-140.8542,-18.3594,0.3082],[-140.8514,-18.3603,0.0],[-140.8506,-18.3572,0.3325],[-140.8533,-18.3575,0.0],[-140.8542,-18.3594,0.3082]]],
[[[-140.8542,-18.3539,0.0],[-140.8569,-18.3564,1.1402],[-140.8564,-18.3575,1.1402],[-140.8542,-18.3567,0.4353],[-140.8542,-18.3539,0.0]]],
[[[-140.8561,-18.3533,0.0],[-140.8569,-18.3519,0.0],[-140.8595,-18.355,0.7922],[-140.8578,-18.3556,0.7922],[-140.8561,-18.3533,0.0]]],
[[[-140.8608,-18.3511,0.0],[-140.8617,-18.3531,0.2862],[-140.86,-18.3544,0.2862],[-140.8581,-18.3511,0.0],[-140.8608,-18.3511,0.0]]],
[[[-140.8617,-18.3475,0.0],[-140.8628,-18.3464,0.254],[-140.865,-18.3489,0.7394],[-140.8628,-18.3517,0.0],[-140.8603,-18.3494,0.292],[-140.8617,-18.3475,0.0]]],
[[[-140.8667,-18.3492,0.0],[-140.8644,-18.3458,0.0],[-140.8656,-18.345,0.0],[-140.8678,-18.3469,1.5582],[-140.8667,-18.3492,0.0]]],
[[[-140.8708,-18.3444,0.0],[-140.8686,-18.3461,0.6735],[-140.8658,-18.3433,0.0],[-140.8672,-18.3422,0.0],[-140.8708,-18.3444,0.0]]],
[[[-140.8708,-18.3422,0.3011],[-140.8697,-18.34,0.0],[-140.8714,-18.3389,0.0],[-140.8753,-18.3403,0.8309],[-140.8725,-18.3436,0.3247],[-140.8708,-18.3422,0.3011]]],
[[[-140.875,-18.3381,0.0],[-140.8764,-18.3336,0.0],[-140.8794,-18.3358,0.0],[-140.8775,-18.3386,0.3188],[-140.875,-18.3381,0.0]]],
[[[-142.1975,-18.1556,0.0],[-142.2022,-18.1542,0.0],[-142.2067,-18.1583,0.0],[-142.2,-18.1578,1.1581],[-142.1939,-18.1628,0.2328],[-142.19,-18.1622,0.2992],[-142.1892,-18.1647,0.0],[-142.1639,-18.18,1.1416],[-142.1567,-18.1892,0.0],[-142.1389,-18.2256,1.5033],[-142.1161,-18.2533,0.0],[-142.1125,-18.2622,2.9352],[-142.1147,-18.2667,0.3737],[-142.1128,-18.2686,1.9284],[-142.1139,-18.2706,0.1657],[-142.1156,-18.2694,0.0],[-142.1171,-18.2728,0.0],[-142.1187,-18.2718,0.0],[-142.1195,-18.2737,0.1397],[-142.1164,-18.2753,0.0],[-142.1188,-18.2766,0.0],[-142.1128,-18.2747,0.0],[-142.1072,-18.2692,0.0],[-142.1108,-18.2547,0.0],[-142.1142,-18.2483,0.3263],[-142.1364,-18.2222,0.0],[-142.1536,-18.1867,0.0],[-142.1661,-18.1744,0.0],[-142.1975,-18.1556,0.0]]],
[[[-142.1739,-18.2128,0.0],[-142.1728,-18.2106,0.0],[-142.1736,-18.2094,0.0],[-142.1752,-18.2103,0.0],[-142.1739,-18.2128,0.0]]],
[[[-142.1769,-18.2,0.4561],[-142.1794,-18.2003,0.143],[-142.1783,-18.2039,0.0],[-142.1772,-18.2028,0.518],[-142.1769,-18.2,0.4561]]],
[[[-142.2053,-18.1689,0.0],[-142.205,-18.1664,0.0],[-142.2067,-18.1647,0.2211],[-142.21,-18.1644,0.0],[-142.2108,-18.1697,0.0],[-142.2028,-18.1728,0.1104],[-142.2022,-18.1717,0.1104],[-142.2053,-18.1689,0.0]]],
[[[-140.9833,-18.2181,0.4623],[-140.9858,-18.2203,0.0],[-140.985,-18.2214,0.0],[-140.9828,-18.2192,0.7576],[-140.9833,-18.2181,0.4623]]],
[[[-140.9855,-18.215,0.181],[-140.9889,-18.2172,0.5445],[-140.9867,-18.2194,0.6896],[-140.9842,-18.2164,0.4771],[-140.9855,-18.215,0.181]]],
[[[-140.9864,-18.2133,0.0],[-140.9892,-18.2133,0.2645],[-140.9883,-18.2114,0.0],[-140.9906,-18.2083,0.0],[-140.9933,-18.2094,0.0],[-140.9894,-18.2158,0.3132],[-140.9864,-18.2133,0.0]]],
[[[-141.0014,-18.1911,0.2248],[-141.0039,-18.1897,0.471],[-141.0025,-18.1864,0.3946],[-141.0044,-18.1836,0.2284],[-141.0081,-18.1856,0.0],[-140.9947,-18.2092,0.0],[-140.9914,-18.2053,0.0],[-140.995,-18.205,0.4638],[-140.9931,-18.2025,0.0],[-140.9967,-18.2019,0.0],[-140.9956,-18.2006,0.0],[-140.9983,-18.1961,0.0],[-141.0003,-18.1969,0.5687],[-141.0014,-18.1911,0.2248]]],
[[[-141.0072,-18.1814,0.5489],[-141.0094,-18.1831,0.5367],[-141.0089,-18.1847,0.0],[-141.005,-18.1814,0.0],[-141.0072,-18.1814,0.5489]]],
[[[-141.0111,-18.1783,0.0],[-141.0097,-18.1758,0.0],[-141.0108,-18.1744,0.0],[-141.0147,-18.1778,0.2012],[-141.0119,-18.1797,0.0],[-141.0111,-18.1783,0.0]]],
[[[-141.0142,-18.1733,0.2765],[-141.0136,-18.1719,0.0],[-141.0172,-18.1697,0.3073],[-141.0194,-18.1739,0.0],[-141.0164,-18.1767,0.0],[-141.0142,-18.1733,0.2765]]],
[[[-141.0294,-18.1672,0.2526],[-141.0306,-18.1719,0.0],[-141.0294,-18.1733,0.0],[-141.0281,-18.1711,0.0],[-141.0294,-18.1672,0.2526]]],
[[[-141.0239,-18.1689,0.6083],[-141.025,-18.1725,0.2825],[-141.0233,-18.1731,0.0],[-141.0214,-18.1703,0.0],[-141.0219,-18.1675,0.0],[-141.0231,-18.1669,0.1682],[-141.0239,-18.1689,0.6083]]],
[[[-141.0317,-18.1719,0.0],[-141.0317,-18.1686,0.0],[-141.0356,-18.1669,0.4336],[-141.0372,-18.1708,0.0],[-141.0328,-18.1728,0.3771],[-141.0317,-18.1719,0.0]]],
[[[-141.04,-18.1717,0.0],[-141.0389,-18.1689,1.3077],[-141.0428,-18.1658,0.0],[-141.0481,-18.1686,0.4179],[-141.0439,-18.1714,0.0],[-141.04,-18.1717,0.0]]],
[[[-141.0492,-18.1639,0.0],[-141.0505,-18.1655,0.5339],[-141.0489,-18.1678,0.2538],[-141.0447,-18.1631,0.0],[-141.0453,-18.1625,0.0],[-141.0492,-18.1639,0.0]]],
[[[-143.0872,-17.8541,1.5903],[-143.0863,-17.8509,0.8143],[-143.0891,-17.8521,1.941],[-143.0905,-17.8498,0.0],[-143.0919,-17.8566,0.5512],[-143.0894,-17.8638,0.0],[-143.0881,-17.8633,0.0],[-143.089,-17.8581,1.2528],[-143.0872,-17.8541,1.5903]]],
[[[-143.0637,-17.8467,1.2022],[-143.0663,-17.8368,0.5146],[-143.0683,-17.8397,1.4899],[-143.0653,-17.8542,0.8891],[-143.0656,-17.8631,6.8055],[-143.0609,-17.8714,0.0],[-143.0599,-17.8698,1.1365],[-143.0637,-17.8467,1.2022]]],
[[[-143.0747,-17.8386,0.0],[-143.0694,-17.8369,6.8037],[-143.0742,-17.8363,6.2887],[-143.0776,-17.838,2.2015],[-143.0855,-17.8472,0.2844],[-143.0792,-17.8414,0.2523],[-143.0747,-17.8386,0.0]]],
[[[-143.0722,-17.8331,1.8242],[-143.0684,-17.8346,5.9295],[-143.0664,-17.8365,0.5146],[-143.0681,-17.8336,0.4704],[-143.0722,-17.8331,1.8242]]],
[[[-142.3917,-18.0222,0.1487],[-142.3914,-18.0239,0.2017],[-142.3878,-18.0236,0.0],[-142.3894,-18.0211,0.2367],[-142.3917,-18.0222,0.1487]]],
[[[-142.3669,-18.0061,0.0],[-142.3861,-18.0086,0.0],[-142.39,-18.0119,0.0],[-142.3919,-18.0194,0.1713],[-142.3878,-18.0206,0.0],[-142.3881,-18.0189,0.0],[-142.3814,-18.0122,0.8509],[-142.3711,-18.0094,0.3026],[-142.3636,-18.0103,0.0],[-142.3625,-18.0072,0.0],[-142.3669,-18.0061,0.0]]],
[[[-142.6245,-17.5411,0.0],[-142.6329,-17.5389,0.0],[-142.6375,-17.5394,0.0],[-142.6374,-17.5408,0.7481],[-142.6275,-17.5427,2.445],[-142.6185,-17.5468,2.4633],[-142.6025,-17.5547,2.3862],[-142.5945,-17.5606,0.0],[-142.592,-17.5597,0.7094],[-142.5923,-17.5618,2.355],[-142.5828,-17.5714,0.0],[-142.5804,-17.572,0.0],[-142.58,-17.5739,0.0],[-142.5515,-17.5973,0.0],[-142.5508,-17.6022,7.811],[-142.5543,-17.61,0.805],[-142.5531,-17.6107,1.7143],[-142.5506,-17.6075,3.0953],[-142.5489,-17.6111,2.495],[-142.5506,-17.6131,0.0],[-142.548,-17.6147,0.0],[-142.5467,-17.6136,0.0],[-142.5425,-17.6044,0.0],[-142.5461,-17.5978,0.0],[-142.5533,-17.59,4.0822],[-142.5775,-17.5711,0.0],[-142.5861,-17.561,0.0],[-142.5936,-17.555,0.0],[-142.6245,-17.5411,0.0]]],
[[[-142.6698,-17.5698,4.731],[-142.6707,-17.5799,0.0],[-142.6684,-17.5791,0.0],[-142.6669,-17.5749,1.955],[-142.6676,-17.5702,2.1272],[-142.6698,-17.5698,4.731]]],
[[[-142.6608,-17.5414,0.0],[-142.6583,-17.5406,4.6818],[-142.6633,-17.5392,0.0],[-142.6689,-17.5419,0.7832],[-142.6717,-17.5464,3.7324],[-142.6717,-17.5511,2.9445],[-142.6689,-17.55,2.8065],[-142.6667,-17.5439,5.1002],[-142.6608,-17.5414,0.0]]],
[[[-142.6472,-17.5417,0.0],[-142.6408,-17.54,0.7212],[-142.6536,-17.5403,1.6531],[-142.6528,-17.5419,0.0],[-142.6472,-17.5417,0.0]]],
[[[-142.5836,-17.3125,0.0],[-142.5861,-17.3075,0.0],[-142.5894,-17.305,0.0],[-142.5867,-17.3125,0.0],[-142.578,-17.3212,0.0],[-142.5775,-17.3189,0.0],[-142.5836,-17.3125,0.0]]],
[[[-142.5772,-17.3003,0.0],[-142.5855,-17.299,0.0],[-142.5906,-17.3017,0.0],[-142.5894,-17.3028,0.0],[-142.5817,-17.3019,0.1627],[-142.5709,-17.3052,0.2501],[-142.5639,-17.3097,0.0],[-142.5586,-17.3175,0.2379],[-142.5575,-17.3169,0.2379],[-142.5577,-17.314,0.0],[-142.5633,-17.3067,0.0],[-142.5772,-17.3003,0.0]]],
[[[-143.4463,-17.4806,0.0],[-143.4472,-17.4811,0.0],[-143.4483,-17.4853,0.0],[-143.4463,-17.4836,0.0],[-143.4463,-17.4806,0.0]]],
[[[-143.4364,-17.4789,1.5401],[-143.4353,-17.4761,0.0],[-143.437,-17.475,2.9597],[-143.4455,-17.4774,0.0],[-143.4462,-17.4792,2.317],[-143.4442,-17.4788,9.2014],[-143.4417,-17.4808,2.5857],[-143.4364,-17.4789,1.5401]]],
[[[-143.4684,-17.4454,1.1855],[-143.4792,-17.4447,1.4506],[-143.4816,-17.4457,0.0],[-143.4817,-17.4481,0.0],[-143.4742,-17.4622,0.5736],[-143.4697,-17.4788,0.0],[-143.465,-17.4844,0.0],[-143.4589,-17.4886,0.0],[-143.4561,-17.4875,0.6072],[-143.4564,-17.4803,0.2768],[-143.4578,-17.4792,0.2292],[-143.4604,-17.4815,0.0],[-143.4581,-17.4842,0.5248],[-143.4606,-17.4852,0.7173],[-143.4642,-17.4814,1.2636],[-143.4594,-17.4781,0.0],[-143.4622,-17.4756,0.0],[-143.4622,-17.4714,0.0],[-143.4672,-17.4747,1.6652],[-143.4625,-17.4694,0.0],[-143.4685,-17.4704,0.0],[-143.4677,-17.4694,0.0],[-143.4706,-17.465,0.0],[-143.4683,-17.4625,0.0],[-143.4711,-17.4639,0.3265],[-143.4722,-17.4628,0.0],[-143.4767,-17.4539,0.0],[-143.4753,-17.4514,0.7392],[-143.47,-17.4522,0.0],[-143.4639,-17.4488,2.1262],[-143.4542,-17.4486,2.5884],[-143.4403,-17.4519,0.0],[-143.4233,-17.4603,4.3907],[-143.4214,-17.4661,6.1719],[-143.4222,-17.4731,0.9151],[-143.4211,-17.4744,1.0595],[-143.4183,-17.4719,0.0],[-143.4153,-17.4651,0.0],[-143.4164,-17.4614,0.0],[-143.4217,-17.4567,3.0468],[-143.4486,-17.4456,0.0],[-143.4684,-17.4454,1.1855]]],
[[[-143.0672,-17.0506,0.5976],[-143.0666,-17.0586,0.0],[-143.0628,-17.0321,0.8436],[-143.0567,-17.0169,0.0],[-143.0575,-17.0155,0.0],[-143.0603,-17.0189,0.0],[-143.065,-17.0319,0.0],[-143.0672,-17.0506,0.5976]]],
[[[-142.3225,-18.0083,0.0],[-142.3269,-18.0067,0.0],[-142.3403,-18.0103,1.1154],[-142.3553,-18.0072,0.0],[-142.3586,-18.0097,0.0],[-142.3564,-18.0117,0.0],[-142.3489,-18.0133,0.0],[-142.3361,-18.0139,0.0],[-142.3269,-18.0111,2.8541],[-142.3189,-18.0125,0.6154],[-142.3089,-18.0167,0.0],[-142.305,-18.0169,0.0],[-142.3039,-18.0156,0.0],[-142.3047,-18.0142,0.0],[-142.3069,-18.0147,0.5612],[-142.3089,-18.0122,0.0],[-142.3117,-18.0125,0.0],[-142.3225,-18.0083,0.0]]],
[[[-142.2336,-17.9806,0.0],[-142.2325,-17.9758,0.4544],[-142.2347,-17.9744,0.0],[-142.2401,-17.9855,1.9005],[-142.248,-17.9947,2.1349],[-142.265,-18.0056,0.921],[-142.2797,-18.0125,0.1462],[-142.2931,-18.0142,0.0],[-142.2936,-18.0169,0.2015],[-142.2839,-18.0158,0.0],[-142.2714,-18.0117,0.0],[-142.2503,-18.0011,0.4376],[-142.2403,-17.9919,0.0],[-142.2336,-17.9806,0.0]]],
[[[-142.231,-17.9731,0.2711],[-142.233,-17.9716,0.434],[-142.2346,-17.9718,0.2688],[-142.2336,-17.9733,0.3105],[-142.231,-17.9731,0.2711]]],
[[[-141.52,-17.3822,0.4279],[-141.5197,-17.3806,0.0],[-141.5222,-17.3811,0.0],[-141.5233,-17.3789,0.0],[-141.525,-17.3794,0.0],[-141.5219,-17.3858,0.9468],[-141.5192,-17.3842,0.4608],[-141.5211,-17.3833,0.3685],[-141.52,-17.3822,0.4279]]],
[[[-141.4962,-17.362,2.2855],[-141.5017,-17.3592,0.0],[-141.5083,-17.3592,0.0],[-141.5142,-17.36,0.5719],[-141.5178,-17.3625,0.0],[-141.515,-17.3653,0.0],[-141.5106,-17.3633,0.0],[-141.4995,-17.3636,4.2994],[-141.495,-17.3672,6.2491],[-141.4878,-17.3797,0.0],[-141.4881,-17.3828,1.7307],[-141.4906,-17.3856,0.0],[-141.4897,-17.3883,0.0],[-141.4917,-17.3903,0.0],[-141.5053,-17.3953,1.2043],[-141.5089,-17.3958,0.974],[-141.5083,-17.3911,1.3612],[-141.5106,-17.39,3.6451],[-141.5158,-17.3942,0.0],[-141.5183,-17.3864,0.3731],[-141.5203,-17.3864,0.0],[-141.5214,-17.3886,0.0],[-141.5203,-17.3928,0.0],[-141.5142,-17.4,0.0],[-141.4961,-17.3961,0.0],[-141.4864,-17.3914,0.0],[-141.4836,-17.3878,3.7767],[-141.4825,-17.3828,0.0],[-141.4836,-17.38,2.687],[-141.4906,-17.3661,0.0],[-141.4962,-17.362,2.2855]]],
[[[-141.5292,-17.3744,0.0],[-141.5264,-17.3786,0.0],[-141.5244,-17.3767,0.5222],[-141.5247,-17.3744,0.6895],[-141.5222,-17.3725,0.0],[-141.5206,-17.3675,0.5899],[-141.5222,-17.3644,0.0],[-141.5289,-17.3694,0.0],[-141.5292,-17.3744,0.0]]],
[[[-141.9183,-16.8452,0.0],[-141.9184,-16.8464,0.0],[-141.9143,-16.8464,0.0],[-141.9156,-16.8446,0.7999],[-141.9183,-16.8452,0.0]]],
[[[-141.9083,-16.8422,0.0],[-141.9153,-16.8294,0.0],[-141.9211,-16.8233,0.4235],[-141.9273,-16.8232,1.7083],[-141.9349,-16.8271,0.0],[-141.9342,-16.8371,0.0],[-141.9306,-16.8423,0.0],[-141.934,-16.8351,0.0],[-141.9339,-16.8316,0.0],[-141.9293,-16.8415,0.0],[-141.9265,-16.8414,0.0],[-141.9278,-16.8437,0.0],[-141.9213,-16.8448,0.0],[-141.9191,-16.8431,1.0714],[-141.9108,-16.8457,1.0875],[-141.9081,-16.8449,0.0],[-141.9083,-16.8422,0.0]]],
[[[-142.4261,-16.1964,0.0],[-142.4244,-16.1942,0.1948],[-142.4275,-16.1919,0.6271],[-142.4272,-16.1942,1.0377],[-142.4289,-16.1947,0.3155],[-142.4261,-16.1964,0.0]]],
[[[-142.4239,-16.1922,0.0],[-142.422,-16.1914,0.0],[-142.4186,-16.1839,0.1379],[-142.4128,-16.1769,0.0],[-142.4078,-16.1669,0.2061],[-142.4092,-16.1644,0.2275],[-142.4128,-16.1672,0.0],[-142.4178,-16.1764,0.0],[-142.4175,-16.1783,0.2288],[-142.4233,-16.1872,0.9216],[-142.425,-16.1869,0.0],[-142.4267,-16.1897,0.0],[-142.4239,-16.1922,0.0]]],
[[[-142.4017,-16.1614,0.0],[-142.4042,-16.1583,0.7406],[-142.4055,-16.1592,0.0],[-142.4031,-16.1619,0.0],[-142.4017,-16.1614,0.0]]],
[[[-142.3956,-16.1533,0.3356],[-142.3936,-16.15,0.0],[-142.3961,-16.1486,0.0],[-142.4019,-16.1547,0.2752],[-142.3981,-16.1575,0.0],[-142.3956,-16.1533,0.3356]]],
[[[-142.3637,-16.0755,0.0],[-142.3656,-16.0737,0.0],[-142.3666,-16.074,0.5803],[-142.3647,-16.0762,0.1642],[-142.3637,-16.0755,0.0]]],
[[[-142.3647,-16.0731,0.0],[-142.3627,-16.0749,0.0],[-142.3593,-16.071,0.0],[-142.363,-16.0694,0.0],[-142.3617,-16.0714,0.1397],[-142.3642,-16.0713,1.5385],[-142.3647,-16.0731,0.0]]],
[[[-142.3605,-16.0656,0.0],[-142.3586,-16.0675,0.0],[-142.3572,-16.065,0.0],[-142.3595,-16.0642,0.0],[-142.3605,-16.0656,0.0]]],
[[[-142.3544,-16.0611,0.0],[-142.3525,-16.0589,0.0],[-142.3539,-16.0572,0.0],[-142.3569,-16.0603,0.0],[-142.3561,-16.0617,0.0],[-142.3544,-16.0611,0.0]]],
[[[-144.3928,-17.1636,0.0],[-144.4043,-17.1588,0.0],[-144.4054,-17.1599,0.0],[-144.3694,-17.1772,0.0],[-144.3601,-17.1791,0.0],[-144.3528,-17.1783,0.0],[-144.3697,-17.1753,0.0],[-144.3878,-17.165,0.0],[-144.3894,-17.1658,0.0],[-144.3928,-17.1636,0.0]]],
[[[-144.3294,-17.1428,0.0],[-144.328,-17.1403,0.0],[-144.3289,-17.1383,0.0],[-144.3408,-17.1731,0.0],[-144.3372,-17.1706,0.0],[-144.3328,-17.1564,0.0],[-144.3311,-17.155,0.0],[-144.3294,-17.1428,0.0]]],
[[[-144.3258,-17.1325,0.2536],[-144.3247,-17.1292,0.0],[-144.3256,-17.1281,0.0],[-144.328,-17.1339,0.0],[-144.3258,-17.1325,0.2536]]],
[[[-144.3222,-17.1211,0.0],[-144.3242,-17.1242,0.0],[-144.3236,-17.1247,0.0],[-144.3203,-17.12,0.0],[-144.3222,-17.1211,0.0]]],
[[[-144.4269,-17.0811,0.0],[-144.4228,-17.0717,1.3633],[-144.4147,-17.0678,0.4357],[-144.4142,-17.065,0.2264],[-144.4229,-17.0669,0.2092],[-144.4309,-17.0713,0.0],[-144.4348,-17.0824,0.2627],[-144.4347,-17.0997,0.1451],[-144.4303,-17.1189,0.0],[-144.4139,-17.1447,0.0],[-144.4111,-17.1469,0.6174],[-144.4067,-17.1558,0.0],[-144.4053,-17.1536,0.2197],[-144.4122,-17.1397,0.1609],[-144.4236,-17.1242,0.0],[-144.4303,-17.1106,0.0],[-144.4333,-17.0969,0.0],[-144.4333,-17.0828,0.0],[-144.4306,-17.0744,0.3465],[-144.4257,-17.075,0.3244],[-144.4284,-17.0854,0.0],[-144.4269,-17.0811,0.0]]],
[[[-144.3014,-17.0764,0.0],[-144.3004,-17.075,0.0],[-144.3017,-17.07,0.0],[-144.3058,-17.0708,0.0],[-144.3031,-17.0744,0.661],[-144.3022,-17.0817,0.3504],[-144.3061,-17.0953,0.0],[-144.3019,-17.0911,0.0],[-144.3001,-17.0811,0.0],[-144.3014,-17.0764,0.0]]],
[[[-144.4067,-17.0657,0.5815],[-144.4063,-17.0643,0.7658],[-144.4042,-17.0653,0.0],[-144.4049,-17.0623,0.0],[-144.4118,-17.0649,0.0],[-144.4106,-17.0667,0.0],[-144.4067,-17.0657,0.5815]]],
[[[-144.4039,-17.0611,0.0],[-144.4028,-17.0633,0.0],[-144.3997,-17.0628,0.3251],[-144.3797,-17.0533,0.0],[-144.3789,-17.0517,0.7507],[-144.3831,-17.0515,0.5219],[-144.4039,-17.0611,0.0]]],
[[[-143.0503,-17.1439,0.0],[-143.0574,-17.1313,1.271],[-143.0641,-17.112,1.1002],[-143.0652,-17.102,0.0],[-143.064,-17.0771,0.9164],[-143.0654,-17.0626,0.0],[-143.0669,-17.0613,0.6537],[-143.0675,-17.075,0.7103],[-143.066,-17.0863,0.0],[-143.0689,-17.1033,0.0],[-143.0653,-17.12,0.0],[-143.0611,-17.1342,0.0],[-143.0569,-17.1392,0.5217],[-143.0553,-17.1456,0.0],[-143.0344,-17.1767,0.7742],[-143.0325,-17.1853,0.8142],[-143.0344,-17.1869,0.0],[-143.0319,-17.1893,0.8031],[-143.033,-17.1939,0.0],[-143.0319,-17.1949,0.0],[-143.0297,-17.19,0.1734],[-143.0312,-17.1763,0.4843],[-143.0371,-17.1635,0.3695],[-143.0503,-17.1439,0.0]]],
[[[-143.0536,-17.0025,0.0],[-143.0542,-16.9989,0.0],[-143.0569,-16.9964,0.2496],[-143.0581,-16.9978,0.2739],[-143.0556,-17.0067,0.0],[-143.0525,-17.0044,0.0],[-143.0536,-17.0025,0.0]]],
[[[-142.8706,-16.7558,0.1899],[-142.8701,-16.7575,0.1784],[-142.8672,-16.7532,0.0],[-142.8692,-16.7472,0.8549],[-142.8728,-16.7465,1.7261],[-142.8772,-16.7531,1.8892],[-142.877,-16.7562,1.6508],[-142.8749,-16.7595,0.6469],[-142.871,-16.7537,0.3639],[-142.8706,-16.7558,0.1899]]],
[[[-142.8652,-16.7505,0.3464],[-142.8666,-16.7506,0.339],[-142.8659,-16.7523,0.1941],[-142.8635,-16.7511,0.0],[-142.8652,-16.7505,0.3464]]],
[[[-143.1356,-16.9483,0.3599],[-143.1394,-16.9444,0.0],[-143.1422,-16.945,0.0],[-143.1289,-16.9583,1.9391],[-143.0961,-16.9781,0.0],[-143.0706,-16.9872,1.2791],[-143.0608,-16.9936,0.2843],[-143.0597,-16.9925,3.2073],[-143.062,-16.9889,1.8581],[-143.0708,-16.9825,0.0],[-143.0725,-16.9833,2.2633],[-143.09,-16.9761,0.0],[-143.0933,-16.9761,0.0],[-143.1033,-16.9681,0.0],[-143.1058,-16.9686,0.947],[-143.1133,-16.9653,2.0101],[-143.1356,-16.9483,0.3599]]],
[[[-143.1603,-16.9342,0.0],[-143.1661,-16.9297,0.0],[-143.1669,-16.9306,0.0],[-143.1636,-16.935,0.0],[-143.1617,-16.9347,0.3162],[-143.1581,-16.9383,0.0],[-143.1555,-16.9378,0.0],[-143.1564,-16.9356,0.5129],[-143.1603,-16.9342,0.0]]],
[[[-143.1703,-16.9303,0.0],[-143.1703,-16.9286,0.0],[-143.172,-16.9281,0.6958],[-143.172,-16.93,1.159],[-143.1703,-16.9303,0.0]]],
[[[-143.3272,-16.9283,2.454],[-143.3283,-16.9297,0.0],[-143.3272,-16.9303,0.0],[-143.3253,-16.9289,8.1686],[-143.3261,-16.9278,0.0],[-143.3272,-16.9283,2.454]]],
[[[-144.5919,-16.9683,0.922],[-144.5939,-16.97,3.3987],[-144.5914,-16.9719,0.0],[-144.5903,-16.97,0.0],[-144.5919,-16.9683,0.922]]],
[[[-144.5872,-16.9681,0.0],[-144.5867,-16.9678,2.3239],[-144.5886,-16.9656,0.0],[-144.5889,-16.9664,0.0],[-144.5872,-16.9681,0.0]]],
[[[-144.5861,-16.9633,1.6873],[-144.5875,-16.9653,0.4304],[-144.5847,-16.9683,0.0],[-144.5831,-16.9664,0.0],[-144.5847,-16.9631,1.6873],[-144.5861,-16.9633,1.6873]]],
[[[-144.5739,-16.9531,0.0],[-144.5731,-16.9522,0.0],[-144.5753,-16.9489,0.0],[-144.5769,-16.9489,0.0],[-144.578,-16.9533,2.5588],[-144.5828,-16.9594,0.0],[-144.58,-16.9614,0.0],[-144.5786,-16.9606,1.2574],[-144.5764,-16.9636,0.0],[-144.5731,-16.9564,0.0],[-144.5739,-16.9531,0.0]]],
[[[-144.703,-16.9772,2.3903],[-144.703,-16.9803,0.0],[-144.7006,-16.9775,7.0162],[-144.7014,-16.9758,0.0],[-144.703,-16.9772,2.3903]]],
[[[-144.7347,-16.9572,0.0],[-144.735,-16.9589,0.0],[-144.7333,-16.96,0.0],[-144.7325,-16.9586,1.3471],[-144.7347,-16.9572,0.0]]],
[[[-144.8106,-16.9153,0.0],[-144.8092,-16.9142,2.0647],[-144.812,-16.9114,2.9097],[-144.8122,-16.9133,5.589],[-144.8106,-16.9153,0.0]]],
[[[-144.875,-16.8942,0.0],[-144.8764,-16.8925,0.0],[-144.8772,-16.8928,0.0],[-144.8764,-16.8953,0.0],[-144.875,-16.8942,0.0]]],
[[[-144.6228,-16.865,0.0],[-144.6286,-16.8639,0.0],[-144.6314,-16.8667,0.1851],[-144.6289,-16.8686,0.1314],[-144.6211,-16.8694,0.0],[-144.6194,-16.8678,0.697],[-144.6117,-16.8697,0.0],[-144.6003,-16.875,0.0],[-144.5906,-16.8775,4.1487],[-144.5828,-16.8828,0.2915],[-144.5789,-16.8878,0.7514],[-144.5747,-16.8981,0.408],[-144.5733,-16.9069,0.2983],[-144.5772,-16.9447,0.0],[-144.5742,-16.9453,0.3966],[-144.5719,-16.9417,0.0],[-144.5717,-16.9256,0.0],[-144.5694,-16.9114,0.0],[-144.5717,-16.8967,0.0],[-144.5769,-16.8842,0.0],[-144.5853,-16.8758,0.0],[-144.5903,-16.8733,0.0],[-144.6014,-16.8708,0.0],[-144.6119,-16.8656,0.0],[-144.6228,-16.865,0.0]]],
[[[-144.6428,-16.8583,0.3224],[-144.6503,-16.8567,0.0],[-144.6572,-16.8578,0.0],[-144.6586,-16.8594,0.0],[-144.6564,-16.8611,0.9616],[-144.6458,-16.8614,0.5144],[-144.6328,-16.8664,0.0],[-144.6333,-16.8631,0.2007],[-144.6428,-16.8583,0.3224]]],
[[[-144.6767,-16.8547,0.4159],[-144.6808,-16.8533,0.1428],[-144.6825,-16.8544,0.5412],[-144.68,-16.8575,0.5988],[-144.6603,-16.8622,0.5533],[-144.6592,-16.8614,0.5533],[-144.6622,-16.8572,0.0],[-144.6767,-16.8547,0.4159]]],
[[[-144.2761,-16.8108,0.228],[-144.2803,-16.8097,0.9586],[-144.2869,-16.8117,1.099],[-144.2922,-16.8161,0.0],[-144.2964,-16.8269,0.0],[-144.2942,-16.8272,0.769],[-144.2928,-16.8297,0.0],[-144.2856,-16.8319,0.0],[-144.2786,-16.8314,0.0],[-144.2717,-16.8283,0.8106],[-144.2667,-16.8219,0.0],[-144.2669,-16.82,0.0],[-144.2728,-16.8119,0.8441],[-144.2753,-16.81,0.0],[-144.2761,-16.8108,0.228]],
[[-144.285,-16.8267,0.5183],[-144.2894,-16.8264,0.6897],[-144.2897,-16.8208,2.4081],[-144.2878,-16.8178,0.0],[-144.2814,-16.8139,0.9362],[-144.2725,-16.8153,0.7708],[-144.2719,-16.8167,0.0],[-144.2744,-16.8186,0.1714],[-144.2789,-16.8275,0.5163],[-144.2805,-16.8244,0.0],[-144.2831,-16.8269,0.0],[-144.285,-16.8267,0.5183]]],
[[[-144.9108,-16.8844,0.3493],[-144.9092,-16.8836,0.0],[-144.9117,-16.8808,0.0],[-144.9122,-16.8819,0.0],[-144.9108,-16.8844,0.3493]]],
[[[-144.7864,-16.8697,0.0],[-144.7872,-16.8689,0.0],[-144.7889,-16.8706,0.0],[-144.7883,-16.8719,0.0],[-144.7864,-16.8708,0.0],[-144.7864,-16.8697,0.0]]],
[[[-144.6936,-16.8414,3.4908],[-144.6964,-16.8381,0.6949],[-144.6994,-16.8406,0.0],[-144.6989,-16.8417,0.0],[-144.6972,-16.8408,1.6753],[-144.69,-16.8506,0.6897],[-144.6892,-16.8544,0.1881],[-144.6861,-16.8503,0.0],[-144.6936,-16.8414,3.4908]]],
[[[-144.7078,-16.8253,0.0],[-144.7136,-16.8217,0.0],[-144.7153,-16.8239,0.1012],[-144.6992,-16.8347,0.0],[-144.6992,-16.8311,0.0],[-144.7078,-16.8253,0.0]]],
[[[-140.8781,-18.3308,0.0],[-140.8825,-18.3336,0.0],[-140.8817,-18.3356,0.0],[-140.8803,-18.3347,0.0],[-140.8781,-18.3308,0.0]]],
[[[-140.8797,-18.3284,0.0],[-140.8836,-18.33,0.7174],[-140.8838,-18.3321,0.311],[-140.8816,-18.3316,0.6273],[-140.8797,-18.3284,0.0]]],
[[[-140.8848,-18.3302,0.0],[-140.8817,-18.3275,0.0],[-140.8847,-18.3283,0.4092],[-140.8827,-18.3258,0.0],[-140.885,-18.3283,0.4092],[-140.8848,-18.3302,0.0]]],
[[[-140.8917,-18.3181,0.0],[-140.8939,-18.3142,0.0],[-140.8967,-18.3161,1.9571],[-140.8933,-18.3225,1.6715],[-140.8861,-18.329,0.4092],[-140.8839,-18.3247,0.0],[-140.8864,-18.3261,0.0],[-140.8917,-18.3181,0.0]]],
[[[-140.8256,-18.2394,1.7478],[-140.8233,-18.2339,0.0],[-140.825,-18.2325,0.0],[-140.8283,-18.2381,0.6432],[-140.8317,-18.2525,0.3412],[-140.8308,-18.2561,0.9529],[-140.8325,-18.2569,0.6466],[-140.8339,-18.2614,0.0],[-140.8344,-18.2708,0.0],[-140.8339,-18.2761,0.0],[-140.8316,-18.278,1.6178],[-140.8336,-18.2794,0.0],[-140.8306,-18.2903,0.0],[-140.8228,-18.3042,0.0],[-140.8072,-18.3208,0.0],[-140.7794,-18.3467,3.4171],[-140.7253,-18.3739,3.7127],[-140.7186,-18.3831,0.0],[-140.7069,-18.3922,2.7332],[-140.6978,-18.3975,2.3078],[-140.6875,-18.4,0.0],[-140.6819,-18.4033,2.6888],[-140.6739,-18.4156,7.3917],[-140.6756,-18.4206,0.0],[-140.6739,-18.4233,4.0819],[-140.675,-18.4267,0.4015],[-140.6728,-18.4294,0.4757],[-140.6711,-18.4278,4.6386],[-140.6631,-18.4286,0.0],[-140.6622,-18.4264,1.2019],[-140.6639,-18.4225,0.0],[-140.6797,-18.4008,0.0],[-140.6842,-18.3978,0.0],[-140.6936,-18.3958,0.9975],[-140.7069,-18.3881,1.4278],[-140.7161,-18.3806,0.8329],[-140.718,-18.3758,2.9115],[-140.7231,-18.3708,0.0],[-140.7753,-18.3456,0.0],[-140.7961,-18.3272,0.4837],[-140.8171,-18.305,2.0396],[-140.8253,-18.2919,4.9176],[-140.8314,-18.2679,0.0],[-140.8256,-18.2394,1.7478]]],
[[[-137.0617,-18.2629,1.2777],[-137.0672,-18.262,2.973],[-137.0728,-18.2647,0.0],[-137.0658,-18.2736,1.132],[-137.0608,-18.2867,1.0327],[-137.0589,-18.2875,1.9131],[-137.0542,-18.2944,1.4462],[-137.055,-18.2956,0.1528],[-137.0481,-18.3033,1.1505],[-137.0422,-18.3153,1.1911],[-137.0394,-18.3172,1.3737],[-137.0386,-18.3222,0.1408],[-137.0333,-18.3275,1.3985],[-137.0305,-18.3336,0.0],[-137.0272,-18.335,0.8376],[-137.0242,-18.3394,0.7035],[-137.0017,-18.3497,0.1631],[-137.0,-18.3525,0.0],[-136.9881,-18.3592,0.1777],[-136.9811,-18.3619,0.0],[-136.9792,-18.3603,0.3037],[-136.9786,-18.3556,0.0],[-136.9811,-18.3606,0.0],[-136.9808,-18.3553,0.0],[-136.9822,-18.3536,0.5365],[-136.9893,-18.356,0.933],[-136.9908,-18.3544,0.2186],[-136.99,-18.3517,0.4474],[-136.9922,-18.3542,0.7193],[-136.9925,-18.3525,0.0],[-137.0009,-18.3474,0.0],[-137.0197,-18.3386,0.997],[-137.0192,-18.3353,0.0],[-137.0206,-18.3375,1.0783],[-137.022,-18.3344,0.2025],[-137.0258,-18.3353,0.9462],[-137.0258,-18.3314,0.0],[-137.0323,-18.3242,0.0],[-137.0344,-18.3239,0.8441],[-137.0348,-18.3198,0.7527],[-137.0417,-18.3125,0.7042],[-137.0413,-18.3105,1.1142],[-137.047,-18.3007,0.8857],[-137.0497,-18.3003,0.8619],[-137.0497,-18.2967,0.2613],[-137.0533,-18.2942,1.4462],[-137.0525,-18.2931,0.0],[-137.0557,-18.2889,1.6961],[-137.0553,-18.2872,2.3318],[-137.0608,-18.2808,0.7688],[-137.0611,-18.2762,0.0],[-137.0639,-18.2708,4.1174],[-137.0578,-18.2687,1.4493],[-137.036,-18.2823,3.5092],[-136.9992,-18.3142,3.9512],[-136.9709,-18.3467,0.0],[-136.9711,-18.3503,0.9857],[-136.9678,-18.3542,3.7],[-136.9714,-18.3558,0.0],[-136.9767,-18.3628,0.0],[-136.9747,-18.3656,0.0],[-136.965,-18.3622,0.0],[-136.9613,-18.3592,0.0],[-136.9678,-18.3433,0.4092],[-136.9997,-18.308,0.0],[-137.0314,-18.2808,0.0],[-137.0406,-18.2767,2.6051],[-137.0419,-18.2739,0.0],[-137.0541,-18.2658,0.0],[-137.0617,-18.2629,1.2777]]],
[[[-140.7519,-17.8442,0.8173],[-140.7481,-17.8417,0.0],[-140.7525,-17.8408,0.0],[-140.7533,-17.8431,0.2975],[-140.7519,-17.8442,0.8173]]],
[[[-140.7443,-17.8362,0.0],[-140.7428,-17.8386,0.0],[-140.7401,-17.8351,0.0],[-140.7414,-17.8348,0.501],[-140.7443,-17.8362,0.0]]],
[[[-140.9808,-18.0672,0.5917],[-140.9778,-18.0658,0.9182],[-140.9781,-18.0636,0.6876],[-140.9989,-18.0681,2.4554],[-141.0007,-18.0713,0.0],[-141.0,-18.0722,0.0],[-140.9914,-18.07,0.0],[-140.9897,-18.0675,0.955],[-140.9836,-18.0669,0.5565],[-140.9819,-18.0683,0.0],[-140.9808,-18.0672,0.5917]]],
[[[-140.8644,-17.8747,1.2649],[-140.8631,-17.8719,0.0],[-140.8667,-17.8706,0.0],[-140.8769,-17.8989,0.0],[-140.8745,-17.905,0.0],[-140.8714,-17.9033,0.0],[-140.8728,-17.8992,2.8204],[-140.8644,-17.8747,1.2649]]],
[[[-140.7572,-17.8511,1.3521],[-140.7539,-17.8469,0.0],[-140.7561,-17.845,0.4079],[-140.7619,-17.8503,1.3697],[-140.7606,-17.8522,1.9706],[-140.7642,-17.8542,0.0],[-140.7769,-17.8756,0.9992],[-140.7947,-17.8864,1.4203],[-140.8169,-17.9056,0.0],[-140.828,-17.9106,2.6943],[-140.8469,-17.9144,2.2222],[-140.8595,-17.9147,5.248],[-140.8658,-17.9131,1.3568],[-140.8672,-17.9106,0.0],[-140.8697,-17.9128,0.4066],[-140.8664,-17.9156,0.0],[-140.8564,-17.9183,0.0],[-140.8267,-17.9139,0.0],[-140.8178,-17.91,0.4041],[-140.7944,-17.89,0.5932],[-140.7744,-17.8786,0.5762],[-140.7708,-17.8747,0.0],[-140.7636,-17.86,1.9622],[-140.7572,-17.8511,1.3521]]],
[[[-140.8533,-17.8467,0.0],[-140.8506,-17.8425,3.8978],[-140.8522,-17.8408,0.0],[-140.855,-17.8422,1.8276],[-140.8597,-17.8514,3.7427],[-140.8597,-17.8592,7.8405],[-140.8647,-17.8694,0.5458],[-140.8625,-17.8714,0.0],[-140.8564,-17.8606,0.0],[-140.8573,-17.8548,0.0],[-140.8536,-17.8539,2.7468],[-140.8533,-17.8467,0.0]]],
[[[-140.7397,-17.8319,0.0],[-140.7389,-17.8344,0.3858],[-140.7364,-17.8339,1.3597],[-140.7386,-17.8314,0.0],[-140.7397,-17.8319,0.0]]],
[[[-140.7367,-17.8303,0.0],[-140.735,-17.8319,0.3163],[-140.7303,-17.8267,0.728],[-140.7345,-17.8267,0.0],[-140.7367,-17.8303,0.0]]],
[[[-140.7231,-17.8189,0.0],[-140.7211,-17.8178,0.379],[-140.7219,-17.8161,0.0],[-140.7303,-17.8222,0.0],[-140.7292,-17.8247,0.0],[-140.7283,-17.8247,0.0],[-140.7231,-17.8189,0.0]]],
[[[-140.7195,-17.8122,0.0],[-140.7191,-17.8141,0.0],[-140.7169,-17.8142,0.0],[-140.7189,-17.8119,0.0],[-140.7195,-17.8122,0.0]]],
[[[-141.0511,-18.1633,0.0],[-141.047,-18.1603,2.0874],[-141.0511,-18.1606,0.0],[-141.0525,-18.1617,0.0],[-141.0511,-18.1633,0.0]]],
[[[-141.0528,-18.1544,0.0],[-141.0556,-18.1561,0.0],[-141.0539,-18.1586,0.0],[-141.0506,-18.1542,0.0],[-141.0528,-18.1544,0.0]]],
[[[-141.0542,-18.1506,1.2963],[-141.0553,-18.1489,1.1999],[-141.0575,-18.1497,0.5881],[-141.0558,-18.1464,0.0],[-141.0594,-18.1486,0.2993],[-141.0558,-18.1553,0.0],[-141.0519,-18.1517,0.2434],[-141.055,-18.1522,0.7965],[-141.0542,-18.1506,1.2963]]],
[[[-140.9606,-18.0611,0.0],[-140.9642,-18.0603,0.0],[-140.9753,-18.0625,0.1407],[-140.9761,-18.0653,0.4139],[-140.9667,-18.0642,2.7875],[-140.9561,-18.0672,2.1123],[-140.9347,-18.0872,0.6366],[-140.9133,-18.0978,1.4744],[-140.9083,-18.1039,3.099],[-140.9081,-18.1075,0.0],[-140.9003,-18.1242,3.0591],[-140.8861,-18.1433,0.4608],[-140.8728,-18.1547,0.0],[-140.8631,-18.1661,3.6895],[-140.8486,-18.1769,2.4306],[-140.84,-18.1872,0.7493],[-140.8353,-18.1889,0.0],[-140.8267,-18.1964,0.9656],[-140.8178,-18.2111,1.0337],[-140.8183,-18.2167,6.4157],[-140.825,-18.2308,0.0],[-140.8233,-18.2319,0.4339],[-140.8153,-18.2208,1.5772],[-140.8138,-18.2163,0.0],[-140.8158,-18.205,0.0],[-140.8233,-18.1942,0.0],[-140.8371,-18.1851,6.2639],[-140.85,-18.1717,2.4928],[-140.8622,-18.1625,0.7985],[-140.8731,-18.1503,0.0],[-140.8839,-18.1419,0.0],[-140.8858,-18.1369,0.0],[-140.8967,-18.1233,0.6549],[-140.9042,-18.1039,0.8618],[-140.9094,-18.0964,0.5119],[-140.9142,-18.0928,0.0],[-140.9253,-18.0892,0.0],[-140.9311,-18.0856,0.8895],[-140.9544,-18.0633,0.0],[-140.9606,-18.0611,0.0]]],
[[[-141.0603,-18.1389,0.0],[-141.0625,-18.1397,0.0],[-141.0614,-18.1372,0.7674],[-141.0639,-18.1347,1.331],[-141.0675,-18.1358,1.1262],[-141.0606,-18.1481,0.2993],[-141.0569,-18.1439,0.0],[-141.0589,-18.1447,0.5458],[-141.0594,-18.1419,0.4367],[-141.062,-18.1425,0.7336],[-141.0603,-18.1389,0.0]]],
[[[-141.065,-18.1278,0.0],[-141.0678,-18.1269,0.63],[-141.0653,-18.1242,0.0],[-141.0711,-18.1261,0.0],[-141.0692,-18.1306,0.0],[-141.065,-18.1278,0.0]]],
[[[-141.0681,-18.1222,0.3908],[-141.0664,-18.1208,0.0],[-141.0686,-18.1192,0.0],[-141.0719,-18.1197,0.0],[-141.0706,-18.1231,0.0],[-141.0681,-18.1222,0.3908]]],
[[[-141.0036,-18.0736,0.0],[-141.0053,-18.07,0.6411],[-141.0228,-18.0758,0.0],[-141.0278,-18.0761,0.0],[-141.0411,-18.0733,3.8703],[-141.0431,-18.0711,0.0],[-141.0447,-18.0722,3.4167],[-141.0522,-18.0703,0.9216],[-141.0567,-18.0708,0.0],[-141.0614,-18.0742,0.0],[-141.0694,-18.0889,1.6765],[-141.0725,-18.0994,0.0],[-141.0714,-18.1047,1.2959],[-141.0733,-18.1133,0.0],[-141.0694,-18.1147,0.0],[-141.0678,-18.1125,0.4111],[-141.0689,-18.0997,0.6863],[-141.0644,-18.0911,0.588],[-141.0642,-18.085,0.7654],[-141.062,-18.0839,1.9589],[-141.0636,-18.0819,2.8739],[-141.0597,-18.0792,0.2113],[-141.0594,-18.0758,1.3108],[-141.0561,-18.0731,0.0],[-141.0536,-18.0744,0.6096],[-141.0519,-18.0728,1.7784],[-141.0508,-18.0744,1.198],[-141.0453,-18.0744,2.6259],[-141.0336,-18.0783,0.0],[-141.0225,-18.0792,0.4227],[-141.0058,-18.0731,0.3721],[-141.0036,-18.0736,0.0]]],
[[[-142.2033,-18.1647,0.0],[-142.1992,-18.165,0.0],[-142.1986,-18.1631,0.0],[-142.1997,-18.1625,0.0],[-142.2033,-18.1647,0.0]]],
[[[-141.0719,-18.1172,0.0],[-141.0692,-18.1181,0.0],[-141.0681,-18.1167,0.9285],[-141.0717,-18.1161,0.0],[-141.0719,-18.1172,0.0]]],
[[[-142.1981,-17.9556,0.3702],[-142.203,-17.9539,0.0],[-142.2142,-17.9567,0.8543],[-142.2319,-17.9649,2.4337],[-142.2336,-17.9681,2.8986],[-142.23,-17.9706,0.0],[-142.2291,-17.9674,3.5069],[-142.2266,-17.9655,3.692],[-142.213,-17.959,1.3024],[-142.2055,-17.9583,1.7785],[-142.1999,-17.96,1.6198],[-142.1987,-17.9676,2.5021],[-142.2028,-17.9854,0.8899],[-142.2025,-17.9911,0.0],[-142.1939,-18.01,0.0],[-142.1886,-18.0314,1.2729],[-142.1922,-18.0411,0.0],[-142.2058,-18.0569,0.0],[-142.205,-18.0581,0.4919],[-142.2075,-18.0586,0.6016],[-142.2158,-18.0728,0.0],[-142.2211,-18.0839,0.0],[-142.22,-18.0861,0.0],[-142.2219,-18.0881,2.1873],[-142.2208,-18.0914,0.5001],[-142.2222,-18.0931,1.0584],[-142.2233,-18.0919,0.1933],[-142.225,-18.095,0.3191],[-142.2231,-18.0978,0.7919],[-142.2253,-18.1158,1.1364],[-142.2228,-18.1378,0.9541],[-142.2256,-18.1436,9.2944],[-142.2333,-18.1458,0.5117],[-142.2269,-18.1481,0.0],[-142.2272,-18.1511,0.0],[-142.2258,-18.1519,0.0],[-142.2214,-18.1461,0.0],[-142.2189,-18.1364,0.0],[-142.2217,-18.1147,0.0],[-142.2211,-18.1003,0.2617],[-142.2203,-18.0936,1.4018],[-142.2172,-18.0897,0.0],[-142.2175,-18.0847,0.0],[-142.2153,-18.0783,0.0],[-142.2106,-18.07,0.9464],[-142.1858,-18.0394,0.6376],[-142.1839,-18.035,0.4467],[-142.1897,-18.0169,1.5026],[-142.1897,-18.0083,0.0],[-142.1961,-17.9997,2.5364],[-142.1992,-17.9914,0.0],[-142.1985,-17.9787,0.0],[-142.1945,-17.9646,1.1852],[-142.1981,-17.9556,0.3702]]],
[[[-142.295,-18.0164,0.0],[-142.2978,-18.0131,0.0],[-142.3006,-18.0133,0.0],[-142.3028,-18.0158,0.0],[-142.3019,-18.0178,0.141],[-142.295,-18.0164,0.0]]],
[[[-142.3551,-18.08,1.9175],[-142.3582,-18.0794,5.4017],[-142.3617,-18.0725,0.0],[-142.3636,-18.0739,3.8631],[-142.3633,-18.08,3.9004],[-142.3646,-18.0764,0.0],[-142.3664,-18.0758,0.0],[-142.3656,-18.075,0.0],[-142.3681,-18.0747,0.0],[-142.3664,-18.0856,0.0],[-142.3617,-18.0864,0.0],[-142.3628,-18.0892,0.0],[-142.3536,-18.0822,0.0],[-142.3531,-18.0811,0.0],[-142.3551,-18.08,1.9175]]],
[[[-142.3753,-18.0606,0.2255],[-142.3725,-18.0603,0.1871],[-142.3747,-18.0575,0.0],[-142.3764,-18.0583,0.0],[-142.3753,-18.0606,0.2255]]],
[[[-142.3897,-18.0325,0.0],[-142.3914,-18.0281,0.2157],[-142.3939,-18.0286,0.0],[-142.3956,-18.0364,0.4484],[-142.3975,-18.0381,0.0],[-142.3978,-18.0472,0.0],[-142.3942,-18.0494,1.5918],[-142.3872,-18.0475,2.2452],[-142.3836,-18.0447,0.0],[-142.3908,-18.0386,0.0],[-142.3936,-18.0406,2.2536],[-142.3897,-18.0325,0.0]]],
[[[-142.3911,-18.0275,1.6305],[-142.3889,-18.0272,1.0357],[-142.3903,-18.025,0.0],[-142.3942,-18.0258,0.0],[-142.3936,-18.0269,0.0],[-142.3911,-18.0275,1.6305]]],
[[[-140.7164,-17.8097,0.3143],[-140.7175,-17.8111,0.3143],[-140.7153,-17.8133,0.0],[-140.715,-17.8114,0.0],[-140.7164,-17.8097,0.3143]]],
[[[-140.7133,-17.8086,0.81],[-140.7133,-17.8106,0.8123],[-140.7111,-17.8103,0.4718],[-140.7119,-17.8075,0.0],[-140.7133,-17.8086,0.81]]],
[[[-140.7086,-17.8042,0.0],[-140.7094,-17.8053,0.5458],[-140.7072,-17.8075,0.0],[-140.7067,-17.8056,0.0],[-140.7086,-17.8042,0.0]]],
[[[-140.6936,-17.7981,0.0],[-140.6878,-17.795,0.0],[-140.687,-17.7931,1.6299],[-140.6889,-17.7925,0.2964],[-140.6992,-17.7975,1.3575],[-140.6972,-17.8006,0.9978],[-140.695,-17.7978,0.2991],[-140.6936,-17.7981,0.0]]],
[[[-140.6831,-17.7919,0.0],[-140.6828,-17.79,0.2643],[-140.6856,-17.7881,0.0],[-140.6861,-17.7908,0.0],[-140.6831,-17.7919,0.0]]],
[[[-140.6789,-17.7878,0.8852],[-140.6775,-17.7858,0.0],[-140.6803,-17.7836,0.0],[-140.6817,-17.7856,0.6295],[-140.6789,-17.7878,0.8852]]],
[[[-140.6653,-17.7642,0.0],[-140.6683,-17.7608,0.0],[-140.6742,-17.7736,2.0577],[-140.6778,-17.7781,0.0],[-140.6767,-17.7794,0.0],[-140.6792,-17.7822,0.485],[-140.6781,-17.7833,0.4759],[-140.6761,-17.7839,0.4278],[-140.6728,-17.7797,0.3471],[-140.6706,-17.7719,1.8628],[-140.6653,-17.7642,0.0]]],
[[[-140.6619,-17.7592,0.0],[-140.6597,-17.7567,0.0],[-140.6625,-17.7547,3.7591],[-140.6667,-17.7603,0.0],[-140.6639,-17.7619,0.0],[-140.6619,-17.7592,0.0]]],
[[[-140.6736,-17.7053,1.293],[-140.6867,-17.7039,0.0],[-140.6961,-17.7072,0.4251],[-140.7214,-17.7278,0.0],[-140.7325,-17.7344,0.0],[-140.7567,-17.7564,2.5475],[-140.7744,-17.7647,5.2321],[-140.7758,-17.7639,0.0],[-140.7786,-17.7661,0.6664],[-140.7964,-17.7719,0.9852],[-140.815,-17.7861,0.0],[-140.8163,-17.7928,1.0131],[-140.8196,-17.7987,0.0],[-140.8192,-17.8011,0.677],[-140.8169,-17.8011,2.5626],[-140.81,-17.7869,0.0],[-140.7967,-17.7756,0.4037],[-140.7614,-17.7625,1.29],[-140.7486,-17.7536,0.0],[-140.7283,-17.7347,0.9505],[-140.7142,-17.7261,1.6619],[-140.6989,-17.7128,4.1021],[-140.6903,-17.7081,0.0],[-140.6789,-17.7075,3.981],[-140.6703,-17.7089,4.5733],[-140.6578,-17.7147,6.7081],[-140.6533,-17.7192,5.9224],[-140.65,-17.7297,0.0],[-140.6544,-17.7419,0.7635],[-140.6611,-17.7528,0.0],[-140.6578,-17.7553,0.0],[-140.6486,-17.7389,2.2228],[-140.6453,-17.7225,0.0],[-140.6469,-17.7186,0.0],[-140.6536,-17.7128,0.0],[-140.6672,-17.7064,2.79],[-140.6736,-17.7053,1.293]]],
[[[-138.4336,-17.3536,4.3446],[-138.4344,-17.3564,0.8501],[-138.4311,-17.3567,1.4267],[-138.4319,-17.3514,3.8055],[-138.4336,-17.3536,4.3446]]],
[[[-138.438,-17.3514,0.9688],[-138.4392,-17.355,1.2822],[-138.4372,-17.3564,0.536],[-138.4361,-17.3542,1.6971],[-138.438,-17.3514,0.9688]]],
[[[-138.3914,-17.3556,2.5266],[-138.3905,-17.3536,2.7292],[-138.3942,-17.3508,0.0],[-138.3967,-17.3542,3.5894],[-138.41,-17.3519,1.2853],[-138.4122,-17.3536,4.7977],[-138.4153,-17.3525,0.0],[-138.4176,-17.3539,2.1589],[-138.4187,-17.3523,0.0],[-138.42,-17.3542,0.9035],[-138.4222,-17.3542,2.588],[-138.4242,-17.3525,0.788],[-138.4258,-17.3539,3.8047],[-138.4275,-17.3531,1.7349],[-138.4294,-17.3558,2.5975],[-138.4228,-17.3567,0.5766],[-138.4122,-17.3553,3.8578],[-138.3997,-17.3567,1.8607],[-138.3914,-17.3556,2.5266]]],
[[[-138.3886,-17.3553,1.1023],[-138.3842,-17.355,0.0],[-138.3861,-17.3503,0.0],[-138.3889,-17.3536,0.0],[-138.3886,-17.3553,1.1023]]],
[[[-138.3753,-17.3547,0.0],[-138.3722,-17.3533,2.844],[-138.3739,-17.35,0.0],[-138.3761,-17.3517,2.3791],[-138.3808,-17.3517,2.3228],[-138.3822,-17.3533,1.4531],[-138.3797,-17.3553,1.4522],[-138.3753,-17.3547,0.0]]],
[[[-138.3694,-17.3494,0.0],[-138.3703,-17.3519,0.0],[-138.3697,-17.3539,0.5925],[-138.3683,-17.3528,3.2795],[-138.3694,-17.3494,0.0]]],
[[[-138.3681,-17.3503,2.9857],[-138.3675,-17.3531,1.906],[-138.3656,-17.3539,0.7038],[-138.3658,-17.35,4.4822],[-138.3681,-17.3503,2.9857]]],
[[[-140.8475,-17.8381,1.4251],[-140.8344,-17.825,0.0],[-140.8361,-17.8225,0.0],[-140.8412,-17.8293,0.0],[-140.8446,-17.8301,1.5403],[-140.8522,-17.8389,0.0],[-140.8492,-17.8406,0.0],[-140.8475,-17.8381,1.4251]]],
[[[-140.8331,-17.8192,0.0],[-140.8353,-17.8219,0.0],[-140.8336,-17.8239,0.0],[-140.8314,-17.8203,0.0],[-140.8331,-17.8192,0.0]]],
[[[-140.8192,-17.805,0.0],[-140.8183,-17.8033,0.0],[-140.8208,-17.8022,0.4763],[-140.8294,-17.8136,0.5247],[-140.8311,-17.8172,0.0],[-140.83,-17.8186,0.0],[-140.8233,-17.8114,0.0],[-140.8205,-17.8049,0.0],[-140.8192,-17.805,0.0]]],
[[[-140.835,-15.8017,0.0],[-140.8403,-15.8003,0.0],[-140.8575,-15.8108,2.3239],[-140.8836,-15.8186,3.0721],[-140.8853,-15.8172,0.0],[-140.895,-15.8192,0.3869],[-140.8975,-15.8175,0.0],[-140.9019,-15.8203,1.2201],[-140.9036,-15.8272,0.0],[-140.9011,-15.8306,0.0],[-140.8989,-15.8306,0.0],[-140.8939,-15.835,0.0],[-140.8919,-15.8344,0.0],[-140.8847,-15.8394,0.0],[-140.8719,-15.8417,0.0],[-140.8542,-15.8381,0.0],[-140.8433,-15.8325,4.9003],[-140.8333,-15.8225,2.2985],[-140.8294,-15.8108,0.0],[-140.8311,-15.8056,0.0],[-140.835,-15.8017,0.0]],
[[-140.8497,-15.8133,0.0],[-140.8469,-15.8117,0.0],[-140.845,-15.8064,0.0],[-140.8403,-15.8044,4.3256],[-140.8371,-15.8064,0.0],[-140.8364,-15.8136,0.0],[-140.8392,-15.8217,0.0],[-140.8475,-15.8286,1.4621],[-140.8494,-15.8278,0.0],[-140.8575,-15.8325,0.0],[-140.8661,-15.8336,0.0],[-140.8675,-15.8311,0.0],[-140.8697,-15.8339,0.0],[-140.8778,-15.8347,0.0],[-140.8786,-15.8331,0.0],[-140.8864,-15.83,1.3112],[-140.8889,-15.8244,1.559],[-140.8872,-15.8225,2.4404],[-140.8789,-15.8242,0.0],[-140.8755,-15.8214,0.0],[-140.8675,-15.8197,0.0],[-140.8642,-15.8172,1.5774],[-140.8636,-15.8186,0.0],[-140.86,-15.8183,0.0],[-140.8575,-15.8158,0.6379],[-140.855,-15.8164,0.0],[-140.8497,-15.8133,0.0]]],
[[[-138.3322,-17.3269,0.9353],[-138.3353,-17.325,0.0],[-138.3625,-17.3281,8.855],[-138.3833,-17.3278,0.0],[-138.3958,-17.3258,0.0],[-138.4003,-17.3272,3.6437],[-138.4114,-17.3269,0.0],[-138.4364,-17.3336,0.9598],[-138.4472,-17.3406,8.014],[-138.4483,-17.34,0.0],[-138.4553,-17.3464,9.9078],[-138.4572,-17.3536,0.0],[-138.4547,-17.3561,4.0476],[-138.4419,-17.3572,2.066],[-138.4408,-17.3539,4.3154],[-138.4479,-17.3484,0.0],[-138.4475,-17.3462,2.3124],[-138.4311,-17.3361,5.5693],[-138.4072,-17.3303,2.958],[-138.3439,-17.3314,0.0],[-138.3381,-17.3294,7.6721],[-138.3347,-17.33,5.2856],[-138.3403,-17.3356,7.4911],[-138.3461,-17.3367,2.8464],[-138.3458,-17.3397,8.148],[-138.3486,-17.3378,1.0888],[-138.35,-17.3389,3.0687],[-138.3503,-17.3425,1.7369],[-138.3522,-17.3411,0.0],[-138.3589,-17.3469,6.0615],[-138.3631,-17.3475,0.0],[-138.3636,-17.3508,2.4043],[-138.3625,-17.3542,0.0],[-138.3608,-17.3544,1.7159],[-138.3619,-17.3517,0.8349],[-138.3608,-17.3508,1.0261],[-138.3592,-17.3517,0.0],[-138.3553,-17.3497,0.0],[-138.3414,-17.3397,0.5639],[-138.3333,-17.3375,2.4342],[-138.3286,-17.3314,0.0],[-138.3322,-17.3269,0.9353]]],
[[[-140.1175,-15.9642,1.5635],[-140.1203,-15.9622,0.0],[-140.1269,-15.9636,0.0],[-140.1417,-15.9631,0.0],[-140.1667,-15.9728,0.0],[-140.1714,-15.9797,0.0],[-140.1717,-15.9886,0.0],[-140.1692,-15.9975,0.0],[-140.1622,-16.0049,0.0],[-140.1539,-16.0088,0.0],[-140.1393,-16.0105,0.0],[-140.1309,-16.0101,0.0],[-140.1334,-16.0095,0.0],[-140.1333,-16.008,0.0],[-140.1276,-16.0071,0.0],[-140.1249,-16.0076,0.0],[-140.1268,-16.0092,0.0],[-140.1237,-16.0082,0.0],[-140.1242,-16.0068,0.0],[-140.1214,-16.0039,0.0],[-140.1245,-15.9989,0.0],[-140.1271,-16.0007,3.2476],[-140.1438,-16.0007,0.0],[-140.1453,-16.002,0.9637],[-140.146,-16.0008,0.0],[-140.1473,-16.0021,1.0019],[-140.1592,-15.9939,0.6945],[-140.1636,-15.9867,0.0],[-140.1625,-15.9806,2.7197],[-140.1589,-15.9742,6.6767],[-140.1542,-15.9739,0.4226],[-140.1469,-15.9697,0.0],[-140.1392,-15.9678,3.1635],[-140.1197,-15.9681,0.0],[-140.1058,-15.9703,0.0],[-140.1017,-15.9728,6.9246],[-140.1025,-15.9747,0.0],[-140.1003,-15.9775,2.486],[-140.1039,-15.9861,5.3094],[-140.1095,-15.9917,1.0833],[-140.1208,-15.9977,1.2551],[-140.1195,-16.0047,0.0],[-140.1138,-16.0039,0.0],[-140.0986,-15.9914,0.0],[-140.093,-15.9828,0.0],[-140.0914,-15.9769,0.0],[-140.093,-15.9694,0.0],[-140.0969,-15.9661,0.0],[-140.1111,-15.9633,0.0],[-140.1175,-15.9642,1.5635]]],
[[[-138.8153,-14.8008,0.0],[-138.8189,-14.7956,0.2712],[-138.8297,-14.7992,2.4662],[-138.8472,-14.8142,5.1841],[-138.8481,-14.8175,2.7341],[-138.8392,-14.8239,2.3594],[-138.8286,-14.8281,2.5565],[-138.8139,-14.8383,2.1214],[-138.805,-14.8408,2.7047],[-138.797,-14.8403,1.0],[-138.7917,-14.8342,5.1368],[-138.7911,-14.8311,2.0621],[-138.7925,-14.8303,5.0415],[-138.7905,-14.8269,3.0683],[-138.7917,-14.8231,3.5966],[-138.8061,-14.8117,4.5128],[-138.8153,-14.8008,0.0]]],
[[[-143.1969,-16.9242,0.0],[-143.1983,-16.9253,3.2695],[-143.197,-16.9271,0.588],[-143.1962,-16.9257,2.7103],[-143.1969,-16.9242,0.0]]],
[[[-143.2142,-16.9261,1.0007],[-143.2133,-16.9256,0.3273],[-143.2133,-16.9244,0.0],[-143.2156,-16.9253,1.0007],[-143.2142,-16.9261,1.0007]]],
[[[-143.2172,-16.925,0.0],[-143.2172,-16.9233,0.0],[-143.2189,-16.9225,0.0],[-143.2189,-16.9247,0.0],[-143.2172,-16.925,0.0]]],
[[[-143.2219,-16.9231,0.0],[-143.2236,-16.9222,4.3242],[-143.2244,-16.9233,0.9042],[-143.2229,-16.9244,4.7919],[-143.2219,-16.9231,0.0]]],
[[[-143.2289,-16.9217,4.9827],[-143.2293,-16.9209,0.9269],[-143.2308,-16.9214,0.0],[-143.23,-16.9231,0.0],[-143.2289,-16.9217,4.9827]]],
[[[-144.0942,-16.7075,0.0],[-144.0994,-16.7061,0.0],[-144.1133,-16.7064,0.0],[-144.1231,-16.71,0.6541],[-144.1283,-16.7161,0.0],[-144.1278,-16.7253,0.0],[-144.1245,-16.7239,0.0],[-144.1255,-16.7219,1.1419],[-144.1231,-16.7203,0.8794],[-144.1225,-16.7153,1.7726],[-144.1169,-16.7108,0.9396],[-144.0997,-16.71,0.0],[-144.0872,-16.7119,0.7755],[-144.0789,-16.7183,0.0],[-144.0733,-16.7261,5.3577],[-144.0725,-16.7319,0.0],[-144.0778,-16.7394,0.3201],[-144.0742,-16.7389,0.253],[-144.0708,-16.7422,0.2512],[-144.0683,-16.7353,0.5566],[-144.0733,-16.72,0.0],[-144.0833,-16.7103,0.0],[-144.0881,-16.7078,0.0],[-144.0942,-16.7075,0.0]]],
[[[-144.2197,-16.6747,0.0],[-144.2183,-16.6717,0.1932],[-144.2208,-16.67,0.0],[-144.2222,-16.6731,0.0],[-144.2208,-16.6753,0.0],[-144.2197,-16.6747,0.0]]],
[[[-144.2467,-16.6536,0.0],[-144.2467,-16.6478,0.0],[-144.2481,-16.6469,0.0],[-144.2497,-16.6511,0.0],[-144.2481,-16.6603,0.3881],[-144.2486,-16.6675,0.0],[-144.2467,-16.6692,1.5618],[-144.2469,-16.6725,0.0],[-144.2433,-16.6719,0.0],[-144.2364,-16.6747,0.0],[-144.2355,-16.6722,0.4201],[-144.2328,-16.6725,0.0859],[-144.2281,-16.6733,0.0],[-144.2264,-16.6758,0.0],[-144.2239,-16.6742,0.0],[-144.2231,-16.6717,0.0],[-144.2244,-16.6703,0.0],[-144.2372,-16.67,0.3184],[-144.2383,-16.6686,0.0],[-144.2422,-16.6694,0.0],[-144.2444,-16.6656,0.0],[-144.2428,-16.6636,0.849],[-144.2436,-16.6592,0.0],[-144.2467,-16.6536,0.0]]],
[[[-142.8493,-16.7446,0.1585],[-142.8495,-16.746,0.1585],[-142.8455,-16.7455,0.1254],[-142.846,-16.7441,0.0],[-142.8493,-16.7446,0.1585]]],
[[[-142.841,-16.7438,0.1767],[-142.8435,-16.7441,0.1237],[-142.8438,-16.7451,0.1007],[-142.8398,-16.7438,0.1767],[-142.841,-16.7438,0.1767]]],
[[[-142.8275,-16.735,0.0],[-142.8258,-16.7364,0.0],[-142.8244,-16.7355,0.1799],[-142.8264,-16.7325,0.0],[-142.828,-16.7333,0.0],[-142.8275,-16.735,0.0]]],
[[[-142.8086,-16.7328,0.0],[-142.8106,-16.7311,0.0],[-142.8142,-16.7317,0.0993],[-142.8043,-16.7347,0.0],[-142.8086,-16.7328,0.0]]],
[[[-144.2086,-16.6244,0.0],[-144.2189,-16.6228,0.0],[-144.2261,-16.6264,0.9492],[-144.2433,-16.6283,0.4027],[-144.2478,-16.6314,0.4541],[-144.2497,-16.6383,0.1676],[-144.2481,-16.6397,0.2059],[-144.2456,-16.6347,1.0228],[-144.2414,-16.6319,0.2981],[-144.2269,-16.6303,0.0],[-144.2239,-16.6281,0.2419],[-144.2164,-16.6269,1.5076],[-144.2092,-16.6281,2.2495],[-144.1947,-16.6369,1.2725],[-144.1886,-16.6461,5.4919],[-144.1861,-16.6558,2.0791],[-144.187,-16.6661,1.8255],[-144.1888,-16.6696,0.6496],[-144.1878,-16.6725,0.6165],[-144.1908,-16.6758,1.0018],[-144.1897,-16.6792,0.5685],[-144.1914,-16.6808,0.7032],[-144.1972,-16.6747,1.7996],[-144.1981,-16.6783,3.5106],[-144.2017,-16.6803,0.3738],[-144.2081,-16.6769,0.3347],[-144.21,-16.6781,0.0],[-144.2153,-16.6719,0.0],[-144.2169,-16.6736,4.5718],[-144.2114,-16.6817,0.0],[-144.2075,-16.6811,0.4918],[-144.2019,-16.6839,0.0],[-144.1964,-16.6825,0.0],[-144.1936,-16.6847,0.0],[-144.1878,-16.6803,0.2833],[-144.1842,-16.6722,1.0382],[-144.1828,-16.66,0.0],[-144.1836,-16.6508,2.9613],[-144.19,-16.6375,0.0],[-144.2,-16.6281,3.884],[-144.2086,-16.6244,0.0]]],
[[[-143.4597,-16.6044,0.0],[-143.4683,-16.6039,0.0],[-143.4725,-16.6058,1.2779],[-143.4764,-16.6047,0.0],[-143.4936,-16.6144,0.0],[-143.5036,-16.6167,0.0],[-143.5592,-16.6158,0.0],[-143.5628,-16.6169,0.0],[-143.5633,-16.6192,0.0],[-143.5614,-16.6219,0.5263],[-143.5581,-16.6231,0.0],[-143.5522,-16.62,1.9247],[-143.4989,-16.6217,0.0],[-143.4753,-16.6089,3.4373],[-143.4611,-16.6094,0.7492],[-143.4583,-16.6083,0.6413],[-143.4567,-16.6097,0.0],[-143.4525,-16.6089,1.4047],[-143.4486,-16.6111,0.0],[-143.4456,-16.6103,1.2959],[-143.445,-16.6117,0.0],[-143.4356,-16.6144,0.7073],[-143.4164,-16.6294,2.754],[-143.4119,-16.635,0.0],[-143.4014,-16.6431,0.1764],[-143.4022,-16.6436,0.1764],[-143.3992,-16.6475,0.0899],[-143.3972,-16.6469,0.0836],[-143.39,-16.6542,7.2978],[-143.3856,-16.6619,0.0],[-143.3822,-16.6647,3.6297],[-143.3828,-16.6703,0.0813],[-143.3772,-16.6694,0.3047],[-143.3811,-16.6603,0.0],[-143.3883,-16.65,0.0],[-143.4283,-16.6144,0.0],[-143.438,-16.6083,0.0],[-143.4478,-16.6047,0.0],[-143.4597,-16.6044,0.0]]],
[[[-143.94,-16.5533,0.0],[-143.9417,-16.5547,0.0739],[-143.9403,-16.5564,0.0],[-143.9392,-16.555,0.0562],[-143.94,-16.5533,0.0]]],
[[[-143.9425,-16.5481,0.0],[-143.9444,-16.5472,0.0],[-143.9456,-16.5486,0.1445],[-143.9442,-16.55,0.0],[-143.9425,-16.5481,0.0]]],
[[[-144.2478,-16.6439,0.0],[-144.2481,-16.6411,0.2059],[-144.2497,-16.6406,0.2027],[-144.2495,-16.6444,0.0],[-144.2478,-16.6439,0.0]]],
[[[-144.3475,-16.4983,0.0],[-144.3517,-16.4972,0.0],[-144.3528,-16.4992,0.0],[-144.3489,-16.5017,0.0],[-144.3469,-16.5011,0.0],[-144.3475,-16.4983,0.0]]],
[[[-144.2803,-16.5003,0.0],[-144.2756,-16.4992,0.0],[-144.2769,-16.4964,0.0],[-144.2861,-16.4994,0.0],[-144.285,-16.5017,0.0],[-144.2803,-16.5003,0.0]]],
[[[-144.3603,-16.4933,0.0],[-144.3639,-16.4903,0.0],[-144.3661,-16.4908,0.0],[-144.3647,-16.4939,0.0],[-144.3553,-16.4986,0.0],[-144.3542,-16.4978,0.0],[-144.3564,-16.4942,0.0],[-144.3603,-16.4933,0.0]]],
[[[-143.9506,-16.5414,0.0],[-143.9478,-16.5394,0.3257],[-143.9497,-16.5375,0.0],[-143.9514,-16.5386,0.7313],[-143.9506,-16.5414,0.0]]],
[[[-143.9528,-16.5308,0.0],[-143.9544,-16.5314,0.5887],[-143.9542,-16.5333,0.0],[-143.9517,-16.5314,0.0],[-143.9528,-16.5308,0.0]]],
[[[-143.9258,-16.4358,0.0],[-143.9267,-16.4367,4.2271],[-143.9308,-16.4344,0.0],[-143.9361,-16.435,0.1907],[-143.9372,-16.4367,2.1163],[-143.9392,-16.4347,0.1777],[-143.9442,-16.435,0.6405],[-143.9472,-16.4383,0.3919],[-143.9464,-16.44,0.0],[-143.9394,-16.4392,2.3955],[-143.9203,-16.4422,0.0],[-143.9167,-16.4406,6.7429],[-143.9156,-16.4425,3.1091],[-143.9072,-16.4439,2.9983],[-143.8958,-16.4439,4.7099],[-143.8619,-16.4528,3.8867],[-143.8447,-16.4617,1.0221],[-143.8308,-16.4778,3.8858],[-143.8247,-16.4883,2.2746],[-143.8244,-16.4928,0.0],[-143.8206,-16.5006,4.2935],[-143.8217,-16.5022,0.0],[-143.8197,-16.5044,0.998],[-143.8192,-16.5156,0.0],[-143.8136,-16.5219,4.9951],[-143.8139,-16.5244,1.4299],[-143.8083,-16.5283,0.0],[-143.8067,-16.5314,0.0],[-143.7997,-16.5353,0.0],[-143.7981,-16.5342,1.3028],[-143.7956,-16.5375,4.4726],[-143.7881,-16.5408,1.7647],[-143.7867,-16.5431,0.0],[-143.7794,-16.5419,2.4575],[-143.7778,-16.5436,0.0],[-143.7764,-16.5422,1.9073],[-143.7747,-16.5444,1.0671],[-143.7708,-16.5442,0.922],[-143.7628,-16.55,0.0],[-143.7606,-16.5497,0.8207],[-143.7544,-16.5539,0.1353],[-143.7519,-16.5533,3.0293],[-143.7497,-16.5556,0.5403],[-143.7322,-16.5589,0.0],[-143.7272,-16.5578,2.7736],[-143.7244,-16.5594,0.0],[-143.7195,-16.5589,4.2447],[-143.7,-16.5686,0.0],[-143.6753,-16.5769,0.0],[-143.6539,-16.5908,4.2909],[-143.6531,-16.5933,0.0],[-143.6503,-16.5944,0.0],[-143.6486,-16.5992,0.0],[-143.6361,-16.61,0.0],[-143.6186,-16.6161,3.6711],[-143.6106,-16.6219,0.0],[-143.6017,-16.6231,0.0],[-143.5939,-16.6272,0.0],[-143.5914,-16.6264,0.0],[-143.5858,-16.6278,2.0101],[-143.5767,-16.6272,0.4664],[-143.5714,-16.6253,0.516],[-143.5689,-16.6272,0.0],[-143.565,-16.6219,0.0],[-143.5672,-16.6197,0.0],[-143.5706,-16.6194,0.0],[-143.5819,-16.6236,1.0316],[-143.5892,-16.6236,2.0431],[-143.5922,-16.6217,0.0],[-143.5989,-16.6208,0.0],[-143.635,-16.6044,0.0],[-143.6431,-16.5978,0.0],[-143.6525,-16.585,0.0],[-143.6789,-16.5703,0.0],[-143.6908,-16.5675,0.0],[-143.7208,-16.5536,0.0],[-143.7453,-16.5525,1.493],[-143.7564,-16.5478,0.0],[-143.76,-16.5444,0.0],[-143.7622,-16.5447,2.5554],[-143.7669,-16.5411,0.0],[-143.78,-16.5375,0.0],[-143.7825,-16.5386,0.7031],[-143.7861,-16.5375,0.3687],[-143.8005,-16.5287,0.7617],[-143.8109,-16.5197,1.4112],[-143.8164,-16.51,0.9171],[-143.8172,-16.5018,1.2453],[-143.8209,-16.4909,0.5686],[-143.8303,-16.4719,0.0],[-143.8419,-16.4586,0.457],[-143.8453,-16.4581,2.7764],[-143.855,-16.4508,0.0],[-143.8586,-16.4511,2.0365],[-143.8622,-16.4483,0.0],[-143.8669,-16.4489,2.8044],[-143.8733,-16.4461,0.0],[-143.8755,-16.4467,3.1128],[-143.8883,-16.4408,0.0],[-143.9033,-16.44,0.7068],[-143.9044,-16.4417,6.5208],[-143.9055,-16.44,1.0503],[-143.9161,-16.4397,6.7429],[-143.9186,-16.4372,0.0],[-143.9258,-16.4358,0.0]]],
[[[-143.9561,-16.5283,0.0],[-143.9539,-16.5258,0.0],[-143.9547,-16.5247,0.7979],[-143.9575,-16.5261,0.0],[-143.9561,-16.5283,0.0]]],
[[[-143.9575,-16.5214,0.0],[-143.9589,-16.5228,0.0],[-143.9575,-16.5242,0.0765],[-143.9553,-16.5211,0.0],[-143.9575,-16.5214,0.0]]],
[[[-143.9575,-16.5183,0.3743],[-143.9583,-16.5175,0.0],[-143.9608,-16.5197,0.0],[-143.9592,-16.5203,0.2671],[-143.9575,-16.5183,0.3743]]],
[[[-143.9811,-16.4914,0.0],[-143.9847,-16.4897,0.4208],[-143.9861,-16.4914,0.0],[-143.9839,-16.4928,0.5033],[-143.9853,-16.4933,1.1479],[-143.9922,-16.4906,0.0],[-143.9858,-16.4964,0.0],[-143.9833,-16.4958,0.8064],[-143.9794,-16.4992,0.0],[-143.9689,-16.4997,0.2592],[-143.965,-16.5053,0.0],[-143.9622,-16.5031,0.0],[-143.9658,-16.5017,0.2204],[-143.9644,-16.4994,0.0],[-143.9672,-16.4958,0.0],[-143.9695,-16.4975,0.0],[-143.9695,-16.4944,0.0],[-143.9728,-16.4958,0.0],[-143.9728,-16.4917,0.0],[-143.9767,-16.4944,0.0],[-143.9783,-16.4911,0.0],[-143.9794,-16.4933,0.4884],[-143.9811,-16.4914,0.0]]],
[[[-143.9664,-16.4508,1.2927],[-143.9639,-16.4506,0.5459],[-143.9686,-16.4475,0.0],[-143.9717,-16.4486,1.7443],[-143.9964,-16.4761,0.0],[-143.9989,-16.4828,0.0],[-143.9958,-16.4883,0.0],[-143.9928,-16.49,0.0],[-143.9911,-16.4869,0.3331],[-143.9911,-16.4833,0.2148],[-143.9936,-16.48,0.0],[-143.9894,-16.4733,0.0],[-143.9858,-16.4711,2.1531],[-143.9753,-16.4564,0.5515],[-143.9664,-16.4508,1.2927]]],
[[[-142.8703,-16.6832,0.9516],[-142.8703,-16.6698,2.4718],[-142.8714,-16.6672,0.346],[-142.8733,-16.6667,1.1283],[-142.8744,-16.6686,0.1774],[-142.8726,-16.6804,0.1704],[-142.8749,-16.6872,0.0],[-142.8746,-16.7013,1.9009],[-142.8774,-16.7118,0.0],[-142.875,-16.7169,0.5893],[-142.8731,-16.7161,1.0216],[-142.8739,-16.7108,0.0],[-142.8714,-16.7014,0.0],[-142.8728,-16.6992,0.6708],[-142.8728,-16.69,0.5034],[-142.8703,-16.6832,0.9516]]],
[[[-142.8216,-16.6392,0.0],[-142.8387,-16.6292,0.3333],[-142.8436,-16.6309,0.0],[-142.8422,-16.6339,0.3968],[-142.8369,-16.6328,6.2599],[-142.8272,-16.6403,0.0],[-142.8176,-16.6451,0.0],[-142.811,-16.6529,1.3236],[-142.8097,-16.6683,0.1734],[-142.8029,-16.6865,0.1141],[-142.7955,-16.698,0.7447],[-142.7842,-16.7091,0.5525],[-142.7793,-16.7166,1.7899],[-142.7773,-16.7233,1.73],[-142.7778,-16.7285,0.7878],[-142.7798,-16.7288,0.0],[-142.778,-16.7308,1.1453],[-142.7811,-16.7297,0.0],[-142.7805,-16.7317,0.0],[-142.7828,-16.734,0.3735],[-142.7858,-16.7325,0.0],[-142.7878,-16.7339,0.1077],[-142.7856,-16.7384,0.5893],[-142.787,-16.7414,0.0],[-142.7798,-16.7351,0.7825],[-142.7756,-16.7289,0.9464],[-142.7759,-16.717,0.6122],[-142.7797,-16.7097,3.1994],[-142.7904,-16.7005,1.0842],[-142.7989,-16.6887,0.5903],[-142.8066,-16.6728,0.7582],[-142.8094,-16.6495,0.0],[-142.8123,-16.6446,0.0],[-142.8216,-16.6392,0.0]]],
[[[-142.8456,-16.6342,1.7529],[-142.8478,-16.6317,0.0],[-142.8497,-16.6331,0.0],[-142.8537,-16.637,0.0],[-142.8556,-16.6433,1.5141],[-142.8608,-16.6481,0.4989],[-142.8702,-16.6495,0.0],[-142.8722,-16.6515,0.9264],[-142.8786,-16.6531,0.0],[-142.8808,-16.6586,0.0],[-142.8783,-16.6628,1.0158],[-142.8745,-16.6644,4.562],[-142.8731,-16.6567,2.4718],[-142.8628,-16.6531,0.0],[-142.8556,-16.6486,0.0],[-142.845,-16.6353,0.0],[-142.8456,-16.6342,1.7529]]],
[[[-142.4578,-16.2386,0.0],[-142.4553,-16.2392,0.0],[-142.4492,-16.2325,0.26],[-142.4375,-16.2086,0.0],[-142.4286,-16.1983,0.0],[-142.4303,-16.1947,0.2573],[-142.4383,-16.2044,0.0],[-142.4561,-16.235,0.0],[-142.4597,-16.2364,0.0],[-142.4578,-16.2386,0.0]]],
[[[-144.4211,-16.4489,0.0],[-144.4222,-16.4511,0.0],[-144.4203,-16.4517,0.0],[-144.4192,-16.45,0.0],[-144.4211,-16.4489,0.0]]],
[[[-144.4228,-16.4453,0.0],[-144.4247,-16.4456,0.0],[-144.4253,-16.4431,0.0],[-144.4275,-16.4461,0.1833],[-144.4228,-16.4489,0.2245],[-144.4206,-16.4456,0.0],[-144.4217,-16.4442,0.0],[-144.4228,-16.4453,0.0]]],
[[[-144.4314,-16.4414,0.0],[-144.4283,-16.4442,0.0],[-144.4256,-16.4418,0.0],[-144.4283,-16.4386,0.0],[-144.4314,-16.4414,0.0]]],
[[[-144.3381,-16.3717,2.6352],[-144.3511,-16.3661,0.0],[-144.3531,-16.3678,0.9896],[-144.3519,-16.3697,0.0],[-144.3311,-16.3789,4.6192],[-144.3225,-16.3906,3.9612],[-144.3153,-16.3953,0.0],[-144.29,-16.4208,0.0],[-144.2756,-16.4378,1.3769],[-144.2753,-16.4411,4.163],[-144.2714,-16.4417,0.9882],[-144.2608,-16.4519,7.1352],[-144.2531,-16.4614,0.0],[-144.2475,-16.4742,0.2855],[-144.2517,-16.4856,0.0],[-144.2533,-16.4878,0.0],[-144.2567,-16.4883,0.1296],[-144.2608,-16.4954,0.0],[-144.2495,-16.4897,0.0],[-144.2464,-16.4864,0.0],[-144.2436,-16.4769,0.0],[-144.2456,-16.4681,0.5828],[-144.2511,-16.4575,0.0],[-144.298,-16.4072,0.0],[-144.3153,-16.3908,0.3889],[-144.3217,-16.3867,1.3984],[-144.3297,-16.3753,0.4505],[-144.3381,-16.3717,2.6352]]],
[[[-143.9503,-16.4411,2.8806],[-143.9486,-16.4392,2.5913],[-143.9519,-16.4369,0.0],[-143.9564,-16.4397,1.1498],[-143.9603,-16.44,0.7027],[-143.9664,-16.4447,0.0],[-143.9636,-16.4472,0.7412],[-143.9614,-16.4431,0.0],[-143.9575,-16.4442,0.2247],[-143.9561,-16.4422,1.5054],[-143.9544,-16.4433,0.0],[-143.9503,-16.4411,2.8806]]],
[[[-143.0589,-16.4075,0.0],[-143.0611,-16.4106,0.0693],[-143.0636,-16.4069,0.0],[-143.0647,-16.4097,0.0],[-143.0583,-16.4136,0.0],[-143.0556,-16.4125,0.0],[-143.055,-16.4114,0.0],[-143.0586,-16.4097,0.0219],[-143.0589,-16.4075,0.0]]],
[[[-143.1525,-16.4108,0.0159],[-143.1458,-16.4089,0.0],[-143.1461,-16.4061,0.0],[-143.1469,-16.4053,0.0],[-143.1522,-16.4078,0.012],[-143.1533,-16.4067,0.012],[-143.1542,-16.4097,0.0],[-143.1525,-16.4108,0.0159]]],
[[[-143.0667,-16.4069,0.0],[-143.0678,-16.4058,0.0],[-143.0697,-16.4075,0.1063],[-143.0739,-16.4047,0.0774],[-143.0756,-16.4078,0.1826],[-143.0667,-16.4111,0.0],[-143.0656,-16.4089,0.0373],[-143.0667,-16.4069,0.0]]],
[[[-143.1639,-16.4067,0.0677],[-143.1633,-16.4089,0.0097],[-143.1608,-16.4086,0.0223],[-143.1614,-16.405,0.4044],[-143.1639,-16.4067,0.0677]]],
[[[-143.0831,-16.4042,0.1179],[-143.0839,-16.405,0.1343],[-143.0853,-16.4033,0.0357],[-143.0881,-16.405,0.0445],[-143.0908,-16.4036,0.0726],[-143.0925,-16.4056,0.0993],[-143.0939,-16.4036,0.0],[-143.0958,-16.4069,0.0],[-143.0942,-16.4086,0.0],[-143.0858,-16.4075,0.0125],[-143.0797,-16.4089,0.0],[-143.0769,-16.4072,0.0],[-143.0772,-16.4042,0.0],[-143.0786,-16.4064,0.0762],[-143.0803,-16.4039,0.0],[-143.0831,-16.4042,0.1179]]],
[[[-143.1017,-16.4075,0.0],[-143.0983,-16.4081,0.0],[-143.0969,-16.4061,0.0],[-143.0989,-16.4036,0.0],[-143.1019,-16.4036,0.0],[-143.1017,-16.4075,0.0]]],
[[[-143.1061,-16.4053,0.0754],[-143.1067,-16.4036,0.1663],[-143.1095,-16.4031,0.1398],[-143.1119,-16.4061,0.0],[-143.1083,-16.4072,0.0],[-143.1061,-16.4053,0.0754]]],
[[[-143.1175,-16.4025,0.0524],[-143.1219,-16.4003,0.0],[-143.1231,-16.4014,0.1956],[-143.1292,-16.4006,0.0],[-143.1325,-16.4033,0.2229],[-143.135,-16.4017,0.105],[-143.1422,-16.4044,0.0],[-143.1442,-16.4069,0.0],[-143.1419,-16.4086,0.0771],[-143.1361,-16.4047,0.0503],[-143.1312,-16.4046,0.0],[-143.1303,-16.4058,0.0],[-143.1258,-16.4031,0.1355],[-143.1247,-16.4047,0.0],[-143.1231,-16.4039,0.1178],[-143.1197,-16.4058,0.0],[-143.1156,-16.4058,0.0332],[-143.1142,-16.4014,0.3455],[-143.1175,-16.4025,0.0524]]],
[[[-143.1692,-16.4036,0.0],[-143.1658,-16.4069,0.0],[-143.1642,-16.4044,0.0],[-143.1656,-16.4017,0.0221],[-143.1692,-16.4036,0.0]]],
[[[-143.1111,-16.4025,0.1018],[-143.1128,-16.4025,0.1018],[-143.1136,-16.4061,0.0249],[-143.1117,-16.4047,0.0],[-143.1111,-16.4025,0.1018]]],
[[[-143.1844,-16.3656,0.6231],[-143.1844,-16.3625,0.6376],[-143.1864,-16.3619,1.7115],[-143.1867,-16.3644,2.882],[-143.1844,-16.3656,0.6231]]],
[[[-143.1903,-16.3597,0.6154],[-143.1922,-16.3617,0.0],[-143.1914,-16.3631,0.0],[-143.1875,-16.3611,0.0],[-143.1892,-16.3583,0.0831],[-143.1903,-16.3597,0.6154]]],
[[[-143.2064,-16.3503,2.0989],[-143.2033,-16.3522,0.2534],[-143.2019,-16.3508,1.7029],[-143.2056,-16.3444,0.0],[-143.2075,-16.3478,7.7386],[-143.2064,-16.3503,2.0989]]],
[[[-143.1894,-16.2767,0.0873],[-143.2036,-16.2758,0.0],[-143.2219,-16.2789,0.0],[-143.2297,-16.2825,0.0],[-143.2297,-16.2847,3.3002],[-143.2342,-16.2897,0.0],[-143.2306,-16.2925,0.3143],[-143.2317,-16.295,0.0],[-143.23,-16.3,0.0],[-143.2228,-16.3133,0.0],[-143.2206,-16.3144,0.8432],[-143.2195,-16.3122,0.4658],[-143.2233,-16.3103,0.0],[-143.2219,-16.3081,0.0],[-143.2236,-16.3069,1.0992],[-143.2258,-16.2997,0.0],[-143.2286,-16.2989,0.0],[-143.2267,-16.2969,3.1855],[-143.2281,-16.2931,1.8359],[-143.2231,-16.2842,0.8347],[-143.2144,-16.2817,0.5891],[-143.2083,-16.2825,0.0],[-143.2008,-16.28,0.3658],[-143.185,-16.2808,2.2846],[-143.1839,-16.2831,0.0],[-143.1828,-16.2819,2.0011],[-143.1756,-16.2878,0.0],[-143.1681,-16.2914,0.2945],[-143.1555,-16.3025,0.5182],[-143.1433,-16.3092,1.1346],[-143.1278,-16.3225,0.0825],[-143.1164,-16.3278,0.1715],[-143.0936,-16.3342,0.303],[-143.0914,-16.3364,0.0],[-143.065,-16.3464,0.0753],[-143.0633,-16.3489,0.0],[-143.0597,-16.3483,0.0],[-143.0155,-16.3811,0.2689],[-143.0114,-16.3853,0.0],[-143.0106,-16.3886,0.0],[-143.0181,-16.4031,0.0378],[-143.0233,-16.4081,0.1704],[-143.0247,-16.4067,-0.0444],[-143.03,-16.4103,0.0084],[-143.0333,-16.4097,0.0779],[-143.0347,-16.4117,0.063],[-143.0375,-16.4106,0.0],[-143.0397,-16.4133,0.0],[-143.0417,-16.4108,0.0],[-143.0442,-16.4144,0.0],[-143.0428,-16.4161,0.0],[-143.0244,-16.4119,0.0],[-143.0164,-16.4081,0.049],[-143.0103,-16.4028,0.3358],[-143.0053,-16.3897,0.0],[-143.0086,-16.3822,0.0],[-143.0144,-16.3758,0.0],[-143.0286,-16.3661,0.0],[-143.0311,-16.3661,0.1434],[-143.0489,-16.3506,0.0],[-143.0767,-16.3369,0.0],[-143.125,-16.3192,0.0],[-143.1408,-16.3058,0.0],[-143.1558,-16.2969,0.0],[-143.1639,-16.2892,0.0],[-143.1703,-16.2861,0.0],[-143.1794,-16.2786,0.0954],[-143.1894,-16.2767,0.0873]]],
[[[-143.2094,-16.3342,0.0],[-143.2111,-16.3353,0.0],[-143.2103,-16.3364,0.0],[-143.2081,-16.3353,0.0],[-143.2094,-16.3342,0.0]]],
[[[-142.4833,-16.0658,7.1336],[-142.4822,-16.0642,1.4153],[-142.485,-16.0625,0.1307],[-142.4908,-16.0667,0.1337],[-142.4986,-16.0831,1.3177],[-142.505,-16.1019,2.5899],[-142.5122,-16.1309,0.4371],[-142.5175,-16.1404,1.2217],[-142.5336,-16.1594,0.7143],[-142.5158,-16.1892,1.0988],[-142.5076,-16.2271,5.3376],[-142.5028,-16.2389,0.0],[-142.4997,-16.2414,0.0],[-142.497,-16.2388,0.0],[-142.4992,-16.2394,0.0],[-142.4981,-16.2369,0.0],[-142.4996,-16.2378,0.0],[-142.4989,-16.2356,0.0],[-142.5042,-16.2281,5.0849],[-142.5128,-16.1878,0.4474],[-142.5211,-16.1714,0.8897],[-142.5272,-16.1658,3.6018],[-142.5286,-16.1614,7.4495],[-142.52,-16.1475,0.2663],[-142.5142,-16.1411,0.172],[-142.5103,-16.1333,3.3773],[-142.5022,-16.1031,5.3376],[-142.4933,-16.0783,0.5447],[-142.4833,-16.0658,7.1336]]],
[[[-142.3881,-16.14,0.0],[-142.3875,-16.1367,0.3089],[-142.3897,-16.1358,0.0],[-142.3964,-16.1469,0.2737],[-142.3928,-16.1483,0.1571],[-142.3892,-16.145,0.0],[-142.3881,-16.14,0.0]]],
[[[-142.3797,-16.1217,0.0],[-142.3814,-16.1189,0.0],[-142.3828,-16.12,0.2944],[-142.3897,-16.1344,0.0],[-142.3872,-16.1353,0.0],[-142.3861,-16.1342,0.611],[-142.3797,-16.1217,0.0]]],
[[[-142.3667,-16.0797,0.0],[-142.365,-16.0778,0.0],[-142.3666,-16.0763,0.0],[-142.3731,-16.0831,0.8053],[-142.3769,-16.0931,0.0],[-142.3769,-16.1056,0.0],[-142.38,-16.1153,0.4377],[-142.3775,-16.1183,0.0],[-142.3736,-16.1142,0.0],[-142.3718,-16.1051,0.0],[-142.375,-16.0958,0.3778],[-142.3717,-16.0867,0.0],[-142.3667,-16.0797,0.0]]],
[[[-142.3525,-16.0539,0.0],[-142.3506,-16.0547,0.0],[-142.3494,-16.0522,0.0],[-142.3483,-16.0481,0.0],[-142.35,-16.0464,0.0],[-142.3533,-16.0508,0.0876],[-142.3517,-16.0525,0.0],[-142.3525,-16.0539,0.0]]],
[[[-142.4794,-16.063,0.4118],[-142.4756,-16.0608,0.9151],[-142.4767,-16.0592,0.504],[-142.4741,-16.0521,1.7203],[-142.4751,-16.0462,2.7374],[-142.4722,-16.0381,0.0],[-142.46,-16.0267,0.0],[-142.457,-16.0214,5.283],[-142.4602,-16.0219,2.153],[-142.4654,-16.0289,0.2386],[-142.4769,-16.0378,1.6292],[-142.4778,-16.0552,1.2521],[-142.4825,-16.0616,0.2196],[-142.4803,-16.0638,0.4118],[-142.4794,-16.063,0.4118]]],
[[[-142.3492,-16.0414,0.1458],[-142.3475,-16.0431,0.0],[-142.3461,-16.0419,0.0],[-142.3483,-16.0394,0.0],[-142.3492,-16.0414,0.1458]]],
[[[-142.3439,-16.0386,0.0],[-142.3453,-16.0358,0.0],[-142.3472,-16.0358,0.6805],[-142.3469,-16.0383,0.0],[-142.3439,-16.0386,0.0]]],
[[[-145.4565,-17.483,3.1937],[-145.4581,-17.4901,0.3874],[-145.4515,-17.4902,0.0],[-145.4545,-17.4858,0.0],[-145.4546,-17.4818,0.0],[-145.4555,-17.481,0.8551],[-145.4565,-17.483,3.1937]]],
[[[-145.4658,-17.4743,3.106],[-145.4647,-17.4719,0.7159],[-145.4667,-17.4703,1.0908],[-145.4722,-17.4742,0.0],[-145.4683,-17.4742,1.3602],[-145.4717,-17.4772,0.0],[-145.4702,-17.4824,3.7277],[-145.4657,-17.4886,0.7288],[-145.4595,-17.4907,0.0],[-145.4623,-17.4832,1.2975],[-145.462,-17.4794,0.7532],[-145.4658,-17.4743,3.106]]],
[[[-145.4736,-17.4704,0.0],[-145.4745,-17.4717,0.7823],[-145.4729,-17.4726,2.1824],[-145.469,-17.4699,0.2489],[-145.4685,-17.4676,0.1823],[-145.47,-17.4672,0.5591],[-145.4736,-17.4704,0.0]]],
[[[-145.4807,-17.466,7.3588],[-145.4745,-17.4699,0.0],[-145.4706,-17.4661,0.4206],[-145.4759,-17.4605,1.6098],[-145.4767,-17.4543,0.0],[-145.482,-17.4627,0.0],[-145.4807,-17.466,7.3588]]],
[[[-145.4797,-17.4583,0.0],[-145.4772,-17.4519,0.0],[-145.4844,-17.4522,0.4377],[-145.4823,-17.4608,0.0],[-145.4797,-17.4583,0.0]]],
[[[-145.4397,-17.4203,0.9067],[-145.4453,-17.4189,0.382],[-145.4483,-17.4211,1.7117],[-145.4408,-17.4222,1.5926],[-145.4372,-17.4275,0.1804],[-145.4353,-17.4267,0.0],[-145.4353,-17.4289,0.0],[-145.4308,-17.4294,2.8769],[-145.4256,-17.4364,6.4567],[-145.4208,-17.4503,0.0],[-145.415,-17.4547,0.6876],[-145.4094,-17.4619,0.0],[-145.4017,-17.4661,0.7135],[-145.3961,-17.4769,1.0479],[-145.3922,-17.4761,0.0],[-145.3921,-17.4742,0.0],[-145.3976,-17.4663,4.4611],[-145.4153,-17.4494,0.0],[-145.4267,-17.4294,0.0],[-145.4339,-17.4228,0.0],[-145.4397,-17.4203,0.9067]]],
[[[-145.488,-17.4415,0.6121],[-145.4944,-17.4378,0.0],[-145.4998,-17.4306,0.0],[-145.5061,-17.4355,6.9823],[-145.5043,-17.4392,2.7889],[-145.4981,-17.4443,0.0],[-145.4893,-17.4485,0.0],[-145.4852,-17.443,0.0],[-145.4886,-17.4431,0.0],[-145.488,-17.4415,0.6121]]],
[[[-145.449,-17.4197,0.0],[-145.4486,-17.418,0.3664],[-145.4512,-17.4217,0.0],[-145.45,-17.4212,0.0],[-145.449,-17.4197,0.0]]],
[[[-145.5128,-17.4199,3.5442],[-145.5246,-17.4088,0.0],[-145.5257,-17.4059,4.9787],[-145.5245,-17.4034,0.0],[-145.5291,-17.4038,0.829],[-145.5334,-17.4067,0.0],[-145.5302,-17.416,8.024],[-145.5252,-17.4221,0.0],[-145.5064,-17.4347,0.0],[-145.5025,-17.4286,1.8095],[-145.5069,-17.4253,6.7716],[-145.5104,-17.4199,2.1727],[-145.5128,-17.4199,3.5442]]],
[[[-145.4521,-17.4157,0.0],[-145.4556,-17.4192,0.0],[-145.4557,-17.4209,0.0],[-145.4513,-17.4174,0.3214],[-145.4521,-17.4157,0.0]]],
[[[-145.5296,-17.4017,2.9781],[-145.5335,-17.4039,2.7029],[-145.5341,-17.4056,0.0],[-145.5265,-17.4014,1.9984],[-145.5296,-17.4017,2.9781]]],
[[[-145.5336,-17.3847,5.8921],[-145.534,-17.3777,3.1973],[-145.5323,-17.3756,0.0],[-145.5367,-17.3774,2.2912],[-145.5408,-17.3768,2.8425],[-145.5386,-17.3858,4.0029],[-145.5443,-17.3927,1.0761],[-145.5415,-17.3943,4.1366],[-145.5387,-17.3916,1.1463],[-145.5408,-17.395,0.0],[-145.5381,-17.3927,1.1463],[-145.5369,-17.3949,0.0],[-145.5347,-17.395,0.0],[-145.5348,-17.3977,0.5604],[-145.5367,-17.3995,1.8102],[-145.535,-17.4041,0.0],[-145.5314,-17.4021,1.0888],[-145.528,-17.3948,3.9233],[-145.5319,-17.3949,2.8624],[-145.5332,-17.3913,2.9717],[-145.5317,-17.3866,1.0438],[-145.5336,-17.3847,5.8921]]],
[[[-145.56,-17.3847,1.9131],[-145.5594,-17.3883,3.1192],[-145.5608,-17.3894,1.4858],[-145.5614,-17.3843,0.0],[-145.5638,-17.3835,0.3845],[-145.5622,-17.3914,0.0],[-145.5572,-17.39,0.0],[-145.5587,-17.3844,0.3793],[-145.56,-17.3847,1.9131]]],
[[[-145.5687,-17.3928,2.1249],[-145.5666,-17.3927,0.0],[-145.5673,-17.3905,0.0],[-145.5774,-17.3805,0.5904],[-145.5752,-17.3858,4.5481],[-145.57,-17.389,1.8992],[-145.5687,-17.3928,2.1249]]],
[[[-145.5712,-17.3798,3.868],[-145.5724,-17.3796,0.7154],[-145.5722,-17.3813,0.0],[-145.5697,-17.3841,2.3278],[-145.5693,-17.3829,2.6872],[-145.5712,-17.3798,3.868]]],
[[[-145.569,-17.3787,3.7401],[-145.571,-17.3792,2.2451],[-145.5683,-17.3839,2.3278],[-145.5668,-17.3841,0.0],[-145.5666,-17.3835,0.0],[-145.569,-17.3787,3.7401]]],
[[[-145.4058,-17.4914,0.8128],[-145.4064,-17.4892,0.8055],[-145.4089,-17.4886,1.0591],[-145.4114,-17.4922,0.0],[-145.4122,-17.4983,0.0],[-145.4097,-17.5012,0.0],[-145.4025,-17.4999,0.0],[-145.3966,-17.4968,0.256],[-145.4042,-17.4994,4.0146],[-145.4058,-17.4914,0.8128]],
[[-145.4064,-17.4928,0.8128],[-145.4055,-17.495,0.0],[-145.4061,-17.4994,0.0],[-145.4078,-17.4908,1.8562],[-145.4064,-17.4928,0.8128]]],
[[[-145.4224,-17.4962,0.0],[-145.4236,-17.499,2.3743],[-145.42,-17.4986,2.8295],[-145.4221,-17.4894,0.0],[-145.4226,-17.4897,0.1943],[-145.4224,-17.4962,0.0]]],
[[[-145.4251,-17.4948,0.0],[-145.4234,-17.4899,0.1943],[-145.4254,-17.4891,0.0],[-145.427,-17.4978,1.9239],[-145.4257,-17.4989,0.0],[-145.4251,-17.4948,0.0]]],
[[[-145.4284,-17.489,2.4296],[-145.4366,-17.4863,1.3613],[-145.4392,-17.4926,0.6207],[-145.4365,-17.4936,0.0],[-145.4356,-17.4901,0.3568],[-145.4341,-17.4903,0.3568],[-145.4359,-17.494,6.6414],[-145.4329,-17.4969,0.8576],[-145.4286,-17.4984,0.0],[-145.4263,-17.4929,0.5265],[-145.4293,-17.4909,1.4809],[-145.4324,-17.4928,3.4722],[-145.4313,-17.4901,3.3492],[-145.4284,-17.489,2.4296]]],
[[[-145.4043,-17.4899,0.0],[-145.4011,-17.4973,0.0],[-145.4,-17.4959,0.0],[-145.4037,-17.4872,0.3508],[-145.4043,-17.4899,0.0]]],
[[[-145.4398,-17.4881,2.3135],[-145.4412,-17.4911,0.481],[-145.44,-17.4922,0.6207],[-145.4378,-17.4875,1.3613],[-145.4386,-17.4859,1.4711],[-145.4398,-17.4881,2.3135]]],
[[[-145.4475,-17.4893,1.0822],[-145.4472,-17.4905,0.7359],[-145.442,-17.491,0.481],[-145.4415,-17.4831,0.897],[-145.446,-17.4835,1.0946],[-145.4475,-17.4893,1.0822]]],
[[[-145.3992,-17.4915,0.0],[-145.3982,-17.4949,0.0],[-145.3955,-17.495,0.6085],[-145.3877,-17.4885,3.7192],[-145.3891,-17.4795,2.2283],[-145.3914,-17.4769,1.7244],[-145.3959,-17.4779,1.0479],[-145.3953,-17.4828,0.0],[-145.4004,-17.4884,2.9031],[-145.3992,-17.4915,0.0]]],
[[[-144.3317,-17.0456,0.0],[-144.3512,-17.0441,0.0],[-144.3603,-17.0456,0.0],[-144.3607,-17.0467,0.1961],[-144.3456,-17.0469,0.576],[-144.3439,-17.0456,0.0],[-144.3278,-17.0494,1.2244],[-144.313,-17.0564,0.0],[-144.3067,-17.0631,0.0],[-144.3061,-17.0681,0.0],[-144.3033,-17.0676,0.0],[-144.3048,-17.0605,0.0],[-144.3108,-17.0543,0.0],[-144.32,-17.049,0.0],[-144.3317,-17.0456,0.0]]],
[[[-144.3736,-17.0514,0.0],[-144.3711,-17.0511,0.4668],[-144.3708,-17.0494,0.1371],[-144.3734,-17.0483,0.4021],[-144.3769,-17.0511,0.0],[-144.3736,-17.0514,0.0]]],
[[[-144.3633,-17.0483,0.0],[-144.3614,-17.0464,0.1961],[-144.3703,-17.0475,0.0],[-144.3681,-17.0494,0.6566],[-144.3633,-17.0483,0.0]]],
[[[-144.6503,-16.9908,7.3405],[-144.6506,-16.9889,2.1819],[-144.6533,-16.9875,0.0],[-144.6542,-16.9897,0.0],[-144.6519,-16.9942,1.1149],[-144.65,-16.9925,0.0],[-144.6503,-16.9908,7.3405]]],
[[[-144.6481,-16.9908,0.0],[-144.6461,-16.9897,0.3955],[-144.6467,-16.9886,0.6583],[-144.6483,-16.9894,0.0],[-144.6481,-16.9908,0.0]]],
[[[-144.6769,-16.9872,6.3096],[-144.6764,-16.9839,0.3588],[-144.6786,-16.9822,0.0],[-144.6797,-16.9833,0.0],[-144.6792,-16.9881,0.0],[-144.6769,-16.9872,6.3096]]],
[[[-144.5992,-16.9719,1.3143],[-144.6008,-16.9728,0.0],[-144.5994,-16.9744,0.9859],[-144.5986,-16.9733,0.0],[-144.5992,-16.9719,1.3143]]],
[[[-144.5953,-16.9703,0.0],[-144.5975,-16.9717,0.0],[-144.5956,-16.9744,1.2328],[-144.5939,-16.9731,0.0],[-144.5953,-16.9703,0.0]]],
[[[-145.5581,-17.3826,1.2405],[-145.5568,-17.3899,0.0],[-145.5551,-17.3895,0.0],[-145.5581,-17.3787,0.7871],[-145.5595,-17.3784,0.7871],[-145.5581,-17.3826,1.2405]]],
[[[-145.5442,-17.3736,1.793],[-145.547,-17.3711,0.0],[-145.5534,-17.372,2.401],[-145.5522,-17.3775,3.6318],[-145.5498,-17.3807,1.7819],[-145.5497,-17.3902,0.0],[-145.5489,-17.3807,0.6022],[-145.5442,-17.3736,1.793]]],
[[[-145.5115,-17.3484,1.6624],[-145.5163,-17.3372,0.0],[-145.5239,-17.3372,0.0],[-145.5261,-17.3406,2.0042],[-145.5317,-17.3427,0.0],[-145.5307,-17.3447,0.0],[-145.5294,-17.3428,0.9989],[-145.5281,-17.3467,0.0],[-145.5228,-17.3447,0.0],[-145.5192,-17.3464,0.0],[-145.5128,-17.3603,0.0],[-145.5081,-17.3636,2.1397],[-145.4967,-17.3792,2.3754],[-145.4857,-17.3907,0.0],[-145.4853,-17.3942,0.0],[-145.4789,-17.4006,0.9646],[-145.4733,-17.4019,0.0],[-145.4678,-17.4061,4.7838],[-145.4564,-17.4183,0.0],[-145.4544,-17.4164,1.6246],[-145.455,-17.4144,0.5634],[-145.4638,-17.4056,0.6059],[-145.4754,-17.3975,1.1231],[-145.4925,-17.3794,1.2699],[-145.5022,-17.3656,5.0608],[-145.5115,-17.3484,1.6624]]],
[[[-145.5538,-17.3739,4.8131],[-145.5529,-17.3696,1.6338],[-145.5592,-17.3663,0.8434],[-145.5611,-17.3599,1.5585],[-145.5606,-17.3722,0.0],[-145.5532,-17.3806,0.9417],[-145.5525,-17.3896,0.0],[-145.5519,-17.3798,0.9417],[-145.5538,-17.3739,4.8131]]],
[[[-145.5397,-17.3418,0.0],[-145.5408,-17.3419,0.0],[-145.5406,-17.3457,0.0],[-145.5403,-17.3456,0.0],[-145.5397,-17.3418,0.0]]],
[[[-145.355,-16.7039,0.1371],[-145.3533,-16.7025,0.0],[-145.3561,-16.7008,0.0],[-145.3603,-16.7108,0.0],[-145.3592,-16.7239,0.0],[-145.3556,-16.7378,0.0],[-145.3439,-16.7569,0.0],[-145.3422,-16.7558,0.0],[-145.343,-16.7531,0.0],[-145.3542,-16.7339,0.0],[-145.3522,-16.7319,0.0],[-145.3539,-16.7294,0.0],[-145.3519,-16.7258,0.0],[-145.3536,-16.7247,0.0],[-145.3531,-16.7225,0.0],[-145.3556,-16.7233,0.0],[-145.3564,-16.7219,0.0],[-145.3531,-16.7194,0.0],[-145.3567,-16.7192,0.0],[-145.3572,-16.7164,0.2058],[-145.3553,-16.715,0.0],[-145.3567,-16.7136,0.8676],[-145.3553,-16.7117,0.0],[-145.355,-16.7039,0.1371]]],
[[[-145.4708,-16.5369,0.0],[-145.4689,-16.5328,0.5483],[-145.4703,-16.5314,0.0],[-145.4725,-16.5336,0.0],[-145.4742,-16.5328,0.0],[-145.4708,-16.5369,0.0]]],
[[[-145.4658,-16.5283,6.1028],[-145.4703,-16.5244,0.0],[-145.4683,-16.5286,5.2141],[-145.4697,-16.5306,0.3791],[-145.4678,-16.5322,0.5483],[-145.4658,-16.5283,6.1028]]],
[[[-145.5764,-17.3767,1.9376],[-145.5768,-17.3797,0.5904],[-145.5743,-17.3801,1.8696],[-145.5742,-17.377,1.301],[-145.5764,-17.3767,1.9376]]],
[[[-145.5894,-17.3337,2.9719],[-145.5904,-17.3313,0.0],[-145.5968,-17.33,0.0],[-145.5988,-17.331,0.0],[-145.61,-17.3472,0.0],[-145.6097,-17.3547,0.0],[-145.5896,-17.3912,0.0],[-145.5833,-17.3963,0.0],[-145.58,-17.3966,0.0],[-145.5708,-17.3944,4.6875],[-145.5698,-17.3928,2.1249],[-145.5769,-17.3846,4.2306],[-145.5786,-17.3801,2.391],[-145.5774,-17.3765,1.9376],[-145.5795,-17.3772,1.9178],[-145.5817,-17.3742,0.4319],[-145.5859,-17.374,1.0265],[-145.5834,-17.3688,0.0],[-145.586,-17.3673,0.0],[-145.5867,-17.369,0.957],[-145.5898,-17.3689,1.4986],[-145.5904,-17.3666,0.3921],[-145.5851,-17.3636,0.4564],[-145.5913,-17.3647,3.6914],[-145.593,-17.3622,1.4719],[-145.5922,-17.3592,0.5721],[-145.5956,-17.3583,4.1637],[-145.5978,-17.3556,3.4436],[-145.5961,-17.3433,2.5549],[-145.5933,-17.3394,0.5371],[-145.5982,-17.3347,2.9021],[-145.5963,-17.3331,1.1763],[-145.591,-17.3372,2.4428],[-145.5891,-17.3358,5.0449],[-145.5894,-17.3337,2.9719]]],
[[[-145.5608,-17.3267,1.9947],[-145.5716,-17.3242,0.0],[-145.5845,-17.3238,0.4477],[-145.5883,-17.3244,0.0],[-145.5938,-17.3281,1.9939],[-145.5923,-17.3297,0.0],[-145.5907,-17.3288,2.2663],[-145.5845,-17.3353,1.2945],[-145.5793,-17.3353,1.199],[-145.5679,-17.344,0.0],[-145.563,-17.343,0.0],[-145.5618,-17.3408,2.4629],[-145.5543,-17.3415,0.0],[-145.5533,-17.3397,1.9831],[-145.5525,-17.3422,0.6171],[-145.5481,-17.3431,0.0],[-145.547,-17.3394,0.0],[-145.5608,-17.3267,1.9947]]],
[[[-145.6072,-16.3556,0.0],[-145.6081,-16.3544,0.0],[-145.6105,-16.3547,0.2867],[-145.6092,-16.3561,0.2867],[-145.6072,-16.3556,0.0]]],
[[[-145.4642,-16.5261,4.448],[-145.4642,-16.5244,1.1477],[-145.4683,-16.5208,0.0],[-145.4664,-16.5253,1.108],[-145.4642,-16.5261,4.448]]],
[[[-145.465,-16.5197,0.0],[-145.4644,-16.5225,0.0],[-145.4625,-16.5233,0.0],[-145.4639,-16.5167,0.0],[-145.4656,-16.5175,0.0],[-145.465,-16.5197,0.0]]],
[[[-145.4558,-16.5142,0.4897],[-145.4564,-16.5125,0.0],[-145.4519,-16.5103,0.0],[-145.4472,-16.5047,0.4048],[-145.4486,-16.5025,0.0],[-145.4589,-16.5089,0.0],[-145.4625,-16.5139,1.2772],[-145.4594,-16.5181,0.0],[-145.4558,-16.5142,0.4897]]],
[[[-145.4442,-16.5008,0.3961],[-145.4433,-16.4997,0.3961],[-145.4447,-16.4989,0.0],[-145.4458,-16.5003,2.1683],[-145.4444,-16.5019,0.0],[-145.4442,-16.5008,0.3961]]],
[[[-144.7183,-16.8217,0.0],[-144.7167,-16.8206,0.1593],[-144.7175,-16.8181,0.0],[-144.7208,-16.8153,0.0],[-144.7233,-16.8178,0.0],[-144.7183,-16.8217,0.0]]],
[[[-144.9661,-16.7872,0.2654],[-144.9758,-16.7858,0.0],[-144.9794,-16.7897,0.0],[-144.9792,-16.81,0.424],[-144.9828,-16.8314,0.0],[-144.9814,-16.8511,0.0],[-144.9786,-16.8453,0.0],[-144.98,-16.8442,1.5349],[-144.9786,-16.8428,0.0],[-144.9803,-16.8364,0.0],[-144.9786,-16.835,0.0],[-144.9806,-16.8311,0.0],[-144.9789,-16.8289,0.0],[-144.9803,-16.8275,0.0],[-144.9789,-16.8219,0.0],[-144.9772,-16.8211,0.0],[-144.9783,-16.8197,0.7083],[-144.9764,-16.8169,0.0],[-144.9775,-16.8153,0.8226],[-144.9758,-16.8139,1.1211],[-144.9775,-16.8117,0.4175],[-144.9761,-16.8086,0.0],[-144.9769,-16.8056,0.0],[-144.9753,-16.8039,1.7597],[-144.9772,-16.8025,0.269],[-144.9753,-16.8011,0.2073],[-144.9769,-16.7992,0.0],[-144.9767,-16.7964,0.0],[-144.9714,-16.7906,4.1442],[-144.9539,-16.7933,0.0],[-144.9431,-16.7925,0.6105],[-144.9406,-16.79,0.2646],[-144.9425,-16.7889,0.0],[-144.9556,-16.7897,2.4649],[-144.9661,-16.7872,0.2654]]],
[[[-144.7258,-16.8156,0.0],[-144.7244,-16.8128,0.1616],[-144.7267,-16.8106,0.0],[-144.7281,-16.8131,0.0],[-144.7258,-16.8156,0.0]]],
[[[-145.2417,-16.8031,0.8846],[-145.2442,-16.8,0.0],[-145.2464,-16.7997,0.1761],[-145.2461,-16.8022,0.0],[-145.24,-16.8069,0.6648],[-145.2381,-16.8078,0.251],[-145.2355,-16.8064,0.1802],[-145.2364,-16.8053,0.0],[-145.2417,-16.8031,0.8846]]],
[[[-145.1317,-16.7947,0.0],[-145.1328,-16.7956,0.0],[-145.1294,-16.7969,0.0],[-145.1272,-16.7911,0.0],[-145.1297,-16.7919,0.0],[-145.1317,-16.7947,0.0]]],
[[[-144.7675,-16.7747,0.6323],[-144.7717,-16.7728,0.0],[-144.7805,-16.7769,0.2447],[-144.7861,-16.7758,0.0],[-144.7881,-16.7783,0.0],[-144.7822,-16.7794,0.5386],[-144.7758,-16.7775,0.3712],[-144.7686,-16.7778,2.1971],[-144.7581,-16.7822,3.9943],[-144.7303,-16.8108,0.0],[-144.7292,-16.8094,0.0],[-144.7303,-16.8064,0.0],[-144.7381,-16.7994,0.0],[-144.7522,-16.7814,0.0],[-144.7675,-16.7747,0.6323]]],
[[[-144.9269,-16.7889,0.0],[-144.9375,-16.7875,0.0],[-144.9394,-16.7894,0.0],[-144.9353,-16.7917,0.0],[-144.9128,-16.7944,0.6603],[-144.9097,-16.7925,0.0748],[-144.8989,-16.7922,0.0],[-144.8953,-16.7903,0.2309],[-144.9017,-16.7886,0.0],[-144.9114,-16.7917,0.0748],[-144.9269,-16.7889,0.0]]],
[[[-144.8831,-16.7897,0.558],[-144.8897,-16.7883,0.4226],[-144.8928,-16.7906,1.1135],[-144.8847,-16.7931,0.0],[-144.8789,-16.7931,0.1861],[-144.88,-16.7897,0.5307],[-144.8831,-16.7897,0.558]]],
[[[-144.8497,-16.7903,0.0],[-144.8414,-16.7872,0.0],[-144.8433,-16.7853,0.0],[-144.8567,-16.7889,0.0],[-144.8595,-16.7881,0.0],[-144.8628,-16.7908,0.0],[-144.8581,-16.7919,0.0],[-144.8561,-16.7903,0.2594],[-144.8497,-16.7903,0.0]]],
[[[-144.8028,-16.7742,0.0],[-144.8086,-16.7728,0.0],[-144.8108,-16.7761,0.0],[-144.8089,-16.7778,0.5602],[-144.8025,-16.7778,0.7341],[-144.8017,-16.7753,0.2625],[-144.8028,-16.7742,0.0]]],
[[[-145.1714,-16.7119,0.0],[-145.1783,-16.7106,0.0],[-145.1819,-16.7122,0.4066],[-145.1792,-16.715,0.0],[-145.1689,-16.7164,0.0],[-145.1489,-16.7247,0.0],[-145.1317,-16.7344,1.4598],[-145.1255,-16.7403,0.0],[-145.1206,-16.7478,7.4378],[-145.1203,-16.7619,4.1605],[-145.1189,-16.7639,1.3063],[-145.1206,-16.765,0.093],[-145.1183,-16.7672,0.0],[-145.1194,-16.7694,0.0],[-145.1181,-16.7717,0.0],[-145.1161,-16.765,0.7589],[-145.1164,-16.7514,0.0],[-145.1172,-16.7464,1.9784],[-145.1222,-16.7386,2.5496],[-145.1314,-16.73,0.6227],[-145.1358,-16.7292,0.5128],[-145.1656,-16.7133,0.3162],[-145.1714,-16.7119,0.0]]],
[[[-145.2672,-16.6894,0.0],[-145.2769,-16.6881,1.42],[-145.2783,-16.6908,1.4041],[-145.2505,-16.6947,0.4612],[-145.2397,-16.6978,2.1541],[-145.2311,-16.7011,0.3273],[-145.2147,-16.7128,1.81],[-145.2106,-16.7142,0.8995],[-145.1939,-16.7167,0.0],[-145.1842,-16.7153,0.6136],[-145.1853,-16.7122,0.0],[-145.1878,-16.7139,0.0],[-145.1892,-16.7125,0.0],[-145.2028,-16.7117,1.6373],[-145.2139,-16.7089,0.0],[-145.2275,-16.6994,0.0],[-145.2397,-16.6942,0.0],[-145.2531,-16.6908,0.0],[-145.2672,-16.6894,0.0]]],
[[[-145.4375,-16.4936,2.357],[-145.4386,-16.4931,0.5413],[-145.4417,-16.4961,1.1436],[-145.44,-16.4986,0.0],[-145.437,-16.495,1.4761],[-145.4375,-16.4936,2.357]]],
[[[-145.4339,-16.4883,0.0],[-145.4364,-16.4908,0.0],[-145.435,-16.4933,0.0],[-145.4317,-16.4908,0.0],[-145.4339,-16.4883,0.0]]],
[[[-145.4175,-16.4786,0.2567],[-145.4167,-16.4808,0.2303],[-145.4153,-16.4814,0.0],[-145.4153,-16.4786,0.0],[-145.4175,-16.4786,0.2567]]],
[[[-145.4075,-16.4758,0.0],[-145.4081,-16.4769,0.0],[-145.4067,-16.4803,0.0],[-145.4055,-16.4775,0.655],[-145.4075,-16.4758,0.0]]],
[[[-145.3039,-16.6844,0.0],[-145.3225,-16.6842,0.0],[-145.3419,-16.6867,0.0],[-145.35,-16.6906,0.0],[-145.355,-16.6983,0.6719],[-145.3533,-16.6992,1.4927],[-145.3511,-16.6978,3.2117],[-145.3494,-16.6942,1.4737],[-145.3425,-16.69,0.0],[-145.3417,-16.6908,0.0],[-145.3342,-16.6881,0.0],[-145.3272,-16.6883,0.0],[-145.3189,-16.6864,0.0],[-145.298,-16.6875,0.0],[-145.2958,-16.6892,0.0],[-145.2933,-16.6883,0.4802],[-145.2811,-16.6914,0.0],[-145.2789,-16.6892,0.355],[-145.2792,-16.6878,0.0],[-145.2867,-16.6861,0.0],[-145.3039,-16.6844,0.0]]],
[[[-144.8706,-16.2794,0.0],[-144.8722,-16.2825,0.0815],[-144.8714,-16.2839,0.0],[-144.8694,-16.2808,0.0],[-144.8706,-16.2794,0.0]]],
[[[-144.8861,-16.2775,0.0],[-144.8814,-16.2783,0.0],[-144.8801,-16.277,0.0],[-144.8814,-16.276,0.0],[-144.8861,-16.2775,0.0]]],
[[[-144.8986,-16.2719,0.0],[-144.8968,-16.2709,0.0],[-144.8969,-16.2694,0.0],[-144.8986,-16.2703,0.8978],[-144.8986,-16.2719,0.0]]],
[[[-144.3772,-16.4836,0.0],[-144.3817,-16.4797,0.0],[-144.3842,-16.4808,0.7288],[-144.3764,-16.4869,0.0],[-144.375,-16.485,0.0],[-144.3772,-16.4836,0.0]]],
[[[-144.3881,-16.4761,0.0],[-144.39,-16.4744,0.0],[-144.3922,-16.4772,0.7727],[-144.3872,-16.4819,0.0],[-144.3847,-16.4781,0.0],[-144.3881,-16.4761,0.0]]],
[[[-144.3958,-16.4728,0.5027],[-144.3961,-16.4703,0.3488],[-144.3981,-16.4694,0.0],[-144.3994,-16.4708,0.1328],[-144.3992,-16.4739,0.0],[-144.3975,-16.4744,0.261],[-144.3958,-16.4728,0.5027]]],
[[[-144.4042,-16.4672,0.0],[-144.4022,-16.4694,0.3659],[-144.4019,-16.4639,0.0],[-144.4025,-16.4642,0.0],[-144.4042,-16.4672,0.0]]],
[[[-144.4072,-16.4631,0.15],[-144.4061,-16.4603,0.0],[-144.4078,-16.4589,0.0],[-144.4108,-16.4614,0.8982],[-144.4058,-16.4669,0.0],[-144.4028,-16.4633,0.0],[-144.4044,-16.4614,0.0],[-144.4072,-16.4631,0.15]]],
[[[-144.4128,-16.4586,0.1651],[-144.4125,-16.4606,0.0],[-144.4103,-16.4589,0.0],[-144.4108,-16.4553,0.0],[-144.4139,-16.4575,0.0],[-144.4128,-16.4586,0.1651]]],
[[[-144.4133,-16.4553,0.0],[-144.4125,-16.4539,0.0],[-144.4142,-16.4525,0.0],[-144.4181,-16.4542,0.0],[-144.415,-16.4567,0.0],[-144.4133,-16.4553,0.0]]],
[[[-144.4176,-16.4511,0.0],[-144.4173,-16.4493,0.0],[-144.4192,-16.4523,0.0],[-144.4183,-16.4523,0.0],[-144.4176,-16.4511,0.0]]],
[[[-144.4361,-16.3558,1.4061],[-144.4364,-16.3536,1.2656],[-144.4383,-16.3528,0.0],[-144.45,-16.3661,0.4831],[-144.4629,-16.3759,0.0],[-144.4656,-16.3808,0.0],[-144.4661,-16.3878,0.0],[-144.4644,-16.3947,0.0],[-144.4567,-16.4144,0.0],[-144.4544,-16.4161,0.0],[-144.4536,-16.4142,0.0],[-144.4611,-16.3964,2.0563],[-144.4597,-16.3947,0.0],[-144.4636,-16.3833,2.5286],[-144.4594,-16.3758,0.3827],[-144.4583,-16.3764,0.0],[-144.4444,-16.3631,0.0],[-144.4411,-16.3619,0.0],[-144.4392,-16.3575,0.5333],[-144.4361,-16.3558,1.4061]]],
[[[-144.4011,-16.3383,2.3682],[-144.4097,-16.3367,0.411],[-144.4156,-16.3378,0.0],[-144.4167,-16.3406,0.5753],[-144.4,-16.3417,1.2559],[-144.3908,-16.345,3.2023],[-144.3808,-16.3525,1.2511],[-144.3644,-16.3608,3.6101],[-144.3544,-16.3689,0.8689],[-144.3545,-16.3652,0.6753],[-144.3631,-16.3583,0.0],[-144.3778,-16.3508,1.1906],[-144.3894,-16.3417,0.5767],[-144.4011,-16.3383,2.3682]]],
[[[-144.4356,-16.3528,0.1951],[-144.4311,-16.3508,0.0],[-144.4322,-16.3475,0.3467],[-144.437,-16.3519,0.0],[-144.4356,-16.3528,0.1951]]],
[[[-144.4292,-16.3447,0.875],[-144.4308,-16.3464,0.0],[-144.4297,-16.3494,0.0],[-144.4261,-16.3467,0.0],[-144.4272,-16.3431,0.0],[-144.4292,-16.3447,0.875]]],
[[[-144.9153,-16.2617,0.0],[-144.9124,-16.2595,0.6796],[-144.9136,-16.2578,0.0],[-144.9156,-16.2608,0.0],[-144.9153,-16.2617,0.0]]],
[[[-144.9236,-16.2533,0.0],[-144.9297,-16.2483,0.0],[-144.9314,-16.2519,0.0764],[-144.9297,-16.2542,0.0],[-144.9272,-16.2533,0.0],[-144.9261,-16.2558,0.0],[-144.9353,-16.2531,0.0],[-144.9369,-16.2539,0.0],[-144.9236,-16.2581,0.0],[-144.922,-16.2572,0.0],[-144.9164,-16.2589,0.0],[-144.9153,-16.2578,0.0],[-144.9214,-16.2533,0.0],[-144.9236,-16.2547,0.157],[-144.9236,-16.2533,0.0]]],
[[[-144.9436,-16.2436,0.0],[-144.9447,-16.2422,0.0],[-144.9472,-16.2461,0.0],[-144.9467,-16.2467,0.0],[-144.9436,-16.2436,0.0]]],
[[[-144.9478,-16.2403,0.0],[-144.9503,-16.2419,0.2129],[-144.9506,-16.2444,0.0],[-144.9483,-16.2431,0.0],[-144.9478,-16.2403,0.0]]],
[[[-144.9497,-16.2375,0.0],[-144.9525,-16.2403,0.2374],[-144.953,-16.2419,0.0],[-144.95,-16.2403,0.0],[-144.9497,-16.2375,0.0]]],
[[[-144.9797,-16.1981,0.5442],[-144.9825,-16.1897,0.2935],[-144.9828,-16.1917,0.4555],[-144.9867,-16.1939,0.0],[-144.9869,-16.1969,0.2189],[-144.9853,-16.1972,0.0],[-144.9828,-16.1944,1.5788],[-144.9819,-16.1953,0.0],[-144.9847,-16.1983,0.3026],[-144.9847,-16.2006,0.0],[-144.9672,-16.2289,0.0],[-144.9658,-16.2303,0.0],[-144.9639,-16.2297,0.0],[-144.9619,-16.2322,0.3387],[-144.9633,-16.2333,0.0],[-144.9575,-16.2378,0.1379],[-144.9536,-16.2333,0.0],[-144.9583,-16.2297,0.2438],[-144.9631,-16.2244,0.9401],[-144.9642,-16.2203,1.2326],[-144.9686,-16.2169,0.0],[-144.9717,-16.2094,0.4573],[-144.9797,-16.1981,0.5442]]],
[[[-144.8567,-16.0994,0.0],[-144.8608,-16.0978,0.0],[-144.8631,-16.1022,0.0],[-144.8486,-16.1067,0.0],[-144.8336,-16.1142,0.6043],[-144.8064,-16.135,0.5887],[-144.7958,-16.1464,2.9382],[-144.7892,-16.1572,0.0],[-144.7886,-16.1653,0.0],[-144.7842,-16.1764,0.0],[-144.7797,-16.1989,7.4037],[-144.7956,-16.2269,0.5024],[-144.8264,-16.2608,0.0],[-144.8314,-16.2714,0.0],[-144.8369,-16.2761,0.0],[-144.8447,-16.2789,0.0],[-144.845,-16.2806,0.0],[-144.8531,-16.2833,0.0],[-144.8542,-16.2817,0.0],[-144.8561,-16.2836,0.0],[-144.8558,-16.2867,0.0],[-144.8508,-16.2869,0.0],[-144.8486,-16.2853,0.0],[-144.8417,-16.2844,0.2746],[-144.8292,-16.2756,0.0],[-144.8211,-16.2608,0.1244],[-144.7911,-16.2289,0.0],[-144.7828,-16.2128,0.2213],[-144.7756,-16.205,0.0],[-144.7747,-16.2011,0.0],[-144.78,-16.1756,0.2866],[-144.7842,-16.1658,0.2778],[-144.7839,-16.1564,0.0],[-144.7947,-16.14,0.0],[-144.8169,-16.1222,1.0623],[-144.8219,-16.1164,0.0],[-144.8353,-16.1086,0.0],[-144.8567,-16.0994,0.0]]],
[[[-144.985,-16.1894,0.0],[-144.99,-16.1831,0.4171],[-144.9933,-16.1856,0.1134],[-144.9908,-16.1889,0.0996],[-144.9886,-16.1867,0.0],[-144.9864,-16.1881,0.1961],[-144.9906,-16.1903,0.0],[-144.9894,-16.1925,0.0],[-144.985,-16.1894,0.0]]],
[[[-144.9617,-16.0972,0.6341],[-144.9592,-16.0947,0.919],[-144.9608,-16.0928,0.0],[-144.9736,-16.0981,0.0],[-145.0031,-16.1153,0.0],[-145.0083,-16.1231,0.0],[-145.0119,-16.1444,0.0],[-145.0117,-16.1592,0.0],[-145.0042,-16.1756,0.0],[-145.0022,-16.1778,0.0],[-144.9992,-16.1772,0.0],[-144.9972,-16.1789,0.1777],[-144.9953,-16.1844,0.3788],[-144.9906,-16.1817,0.861],[-145.0003,-16.1675,0.1836],[-145.0019,-16.16,0.0],[-145.0053,-16.1558,0.0],[-145.0067,-16.1478,4.1478],[-145.0036,-16.1239,0.0],[-144.9981,-16.1167,4.0844],[-144.9617,-16.0972,0.6341]]],
[[[-144.9175,-16.0819,0.0],[-144.9303,-16.0817,0.0],[-144.9356,-16.0839,1.5561],[-144.9375,-16.0831,0.0],[-144.9503,-16.0858,0.0],[-144.9569,-16.0903,0.0],[-144.9567,-16.0939,0.0],[-144.9383,-16.0869,1.0591],[-144.9147,-16.0856,1.7534],[-144.8922,-16.0894,1.5435],[-144.8653,-16.1008,0.1286],[-144.8636,-16.0989,0.0],[-144.8653,-16.0967,0.0],[-144.8911,-16.0856,0.0],[-144.9175,-16.0819,0.0]]],
[[[-145.1142,-15.9754,0.0],[-145.1078,-15.9731,0.0],[-145.1062,-15.9707,0.4006],[-145.11,-15.9706,0.5692],[-145.1114,-15.9736,0.0],[-145.115,-15.9744,0.0],[-145.1142,-15.9754,0.0]]],
[[[-145.1469,-15.9703,0.0],[-145.15,-15.9683,0.0],[-145.1519,-15.9729,0.0],[-145.1492,-15.9747,0.0],[-145.1469,-15.9703,0.0]]],
[[[-145.1039,-15.9697,0.588],[-145.1042,-15.9686,0.0],[-145.1055,-15.9693,0.0],[-145.1043,-15.9706,0.588],[-145.1039,-15.9697,0.588]]],
[[[-145.0906,-15.9639,0.0],[-145.0917,-15.9658,0.7478],[-145.0902,-15.9667,0.0],[-145.0899,-15.9661,0.0],[-145.0906,-15.9639,0.0]]],
[[[-145.1736,-15.955,6.1491],[-145.1761,-15.9514,2.3092],[-145.1781,-15.9519,1.7605],[-145.1761,-15.9561,2.351],[-145.1681,-15.9631,0.0],[-145.1583,-15.9694,0.0],[-145.1571,-15.9688,0.0],[-145.157,-15.9663,0.0],[-145.1586,-15.9671,0.6592],[-145.1606,-15.9642,0.0],[-145.1625,-15.9647,0.0],[-145.1625,-15.9628,0.0],[-145.1736,-15.955,6.1491]]],
[[[-145.2528,-15.8831,0.0],[-145.2539,-15.88,0.8072],[-145.2569,-15.8806,0.0787],[-145.2525,-15.8889,5.256],[-145.24,-15.9033,0.2537],[-145.2303,-15.9074,2.0558],[-145.2214,-15.9147,0.0],[-145.2192,-15.9144,1.703],[-145.2111,-15.9244,1.9078],[-145.2011,-15.9314,0.0],[-145.1842,-15.9472,0.702],[-145.1814,-15.9492,1.8305],[-145.1794,-15.9483,0.3793],[-145.2008,-15.9278,0.0],[-145.2097,-15.9219,1.7025],[-145.2186,-15.9097,1.7968],[-145.2403,-15.8992,0.0],[-145.2528,-15.8831,0.0]]],
[[[-145.6233,-16.26,0.0],[-145.6219,-16.2608,0.0],[-145.6203,-16.2592,0.0],[-145.6217,-16.2583,0.0],[-145.6233,-16.26,0.0]]],
[[[-145.7092,-16.2475,1.6113],[-145.7078,-16.2467,1.6113],[-145.7072,-16.2453,0.0],[-145.71,-16.2458,0.0],[-145.7092,-16.2475,1.6113]]],
[[[-145.672,-16.2347,0.0],[-145.6703,-16.2347,0.0],[-145.67,-16.2336,0.0],[-145.6728,-16.2328,0.0],[-145.672,-16.2347,0.0]]],
[[[-145.7253,-16.2131,0.0],[-145.7267,-16.2122,0.0],[-145.7275,-16.2136,0.0],[-145.7264,-16.2144,0.0],[-145.7253,-16.2131,0.0]]],
[[[-145.6347,-16.0478,0.0],[-145.6442,-16.0478,0.0],[-145.6875,-16.0633,0.5087],[-145.6944,-16.0664,1.2191],[-145.71,-16.0789,0.0],[-145.7072,-16.08,0.0],[-145.6922,-16.0694,3.5787],[-145.6467,-16.0522,1.882],[-145.63,-16.0508,2.2891],[-145.6211,-16.055,3.3565],[-145.6158,-16.0686,0.0],[-145.6156,-16.0858,0.0],[-145.6067,-16.1086,2.6631],[-145.6061,-16.1139,0.0],[-145.6017,-16.1228,2.8295],[-145.6006,-16.1308,3.7384],[-145.5975,-16.1325,0.4786],[-145.5917,-16.1408,1.0494],[-145.5833,-16.1483,0.9779],[-145.5789,-16.1536,0.0],[-145.5792,-16.1567,0.0],[-145.5753,-16.1608,3.7824],[-145.5725,-16.1778,0.0],[-145.5672,-16.1886,3.4162],[-145.565,-16.1953,1.7673],[-145.5653,-16.1994,1.764],[-145.5569,-16.2186,3.4042],[-145.5561,-16.2311,1.5796],[-145.5578,-16.2344,0.0],[-145.5481,-16.2497,0.6515],[-145.546,-16.2585,0.0],[-145.5467,-16.2617,0.8081],[-145.5408,-16.2692,6.2214],[-145.5383,-16.2761,7.1351],[-145.5305,-16.2792,5.241],[-145.5263,-16.2838,0.5854],[-145.5211,-16.2836,0.9511],[-145.5147,-16.2867,0.8069],[-145.5047,-16.2936,1.3169],[-145.5,-16.3047,0.0],[-145.4942,-16.3406,0.0],[-145.4881,-16.3494,2.2673],[-145.4811,-16.3564,1.7365],[-145.4675,-16.3658,1.0867],[-145.4636,-16.3675,0.8173],[-145.46,-16.3656,0.7979],[-145.4556,-16.3675,0.3623],[-145.4542,-16.3647,0.0],[-145.47,-16.3603,0.0],[-145.4789,-16.3542,0.0],[-145.4861,-16.3456,0.0],[-145.4936,-16.3264,0.0],[-145.4961,-16.3047,0.0],[-145.5019,-16.2903,0.0],[-145.5322,-16.2744,0.0],[-145.5414,-16.2625,6.368],[-145.5456,-16.2508,4.2251],[-145.5444,-16.2489,0.0],[-145.5528,-16.2333,2.5975],[-145.5567,-16.2106,0.0],[-145.5703,-16.1722,5.2403],[-145.5719,-16.1561,0.0],[-145.5908,-16.1364,4.1173],[-145.5933,-16.1303,0.0],[-145.595,-16.1297,6.1357],[-145.5983,-16.1194,0.0],[-145.6,-16.1183,0.6989],[-145.5994,-16.1164,0.0],[-145.6011,-16.1153,2.3128],[-145.61,-16.0936,0.6808],[-145.6131,-16.0681,0.0],[-145.6122,-16.0644,0.0],[-145.6156,-16.0547,0.0],[-145.6225,-16.0481,1.9355],[-145.6347,-16.0478,0.0]]],
[[[-145.6897,-16.1842,0.0],[-145.6878,-16.1844,0.0],[-145.6867,-16.1833,0.0],[-145.6894,-16.1828,0.0],[-145.6897,-16.1842,0.0]]],
[[[-145.8247,-16.1628,0.0],[-145.8231,-16.1683,0.0],[-145.8219,-16.1664,0.0],[-145.8233,-16.1647,0.0],[-145.8217,-16.1622,0.0],[-145.8231,-16.1586,0.0],[-145.8247,-16.1628,0.0]]],
[[[-145.7592,-16.1,0.0],[-145.7461,-16.0953,0.0],[-145.7436,-16.0925,1.7385],[-145.7453,-16.0914,0.6062],[-145.7994,-16.11,0.54],[-145.8058,-16.1181,0.9044],[-145.8158,-16.1264,0.9473],[-145.8189,-16.1314,0.0],[-145.8235,-16.1514,0.0],[-145.8228,-16.1561,0.0],[-145.8208,-16.1547,0.0],[-145.8214,-16.1506,0.0],[-145.8189,-16.1478,0.0],[-145.8197,-16.1461,0.0],[-145.8171,-16.141,1.3625],[-145.8181,-16.1381,1.89],[-145.8136,-16.1331,0.0],[-145.8108,-16.1367,0.0],[-145.81,-16.1358,0.0],[-145.8117,-16.1328,2.5257],[-145.8086,-16.1278,7.5468],[-145.8092,-16.1231,3.0415],[-145.8064,-16.1258,0.0],[-145.8033,-16.1219,0.4687],[-145.7944,-16.1158,1.7361],[-145.7803,-16.1097,0.6341],[-145.7786,-16.1083,1.5633],[-145.7792,-16.1056,4.1874],[-145.7767,-16.1075,1.1175],[-145.7592,-16.1,0.0]]],
[[[-145.7361,-16.0914,0.0],[-145.7333,-16.09,0.0],[-145.7339,-16.0881,0.4944],[-145.7417,-16.0906,0.0],[-145.7406,-16.0925,1.0763],[-145.7361,-16.0914,0.0]]],
[[[-145.7275,-16.0847,1.8518],[-145.7294,-16.0861,0.0],[-145.7281,-16.0878,1.5969],[-145.7236,-16.0847,0.0],[-145.7264,-16.0842,0.0],[-145.7275,-16.0847,1.8518]]],
[[[-145.9142,-16.0197,1.6929],[-145.9158,-16.0164,5.7987],[-145.922,-16.0169,0.0],[-145.915,-16.0211,1.6929],[-145.9142,-16.0197,1.6929]]],
[[[-145.9142,-16.0158,0.0],[-145.9131,-16.0192,0.8084],[-145.9119,-16.02,0.0],[-145.9122,-16.015,1.8902],[-145.9142,-16.0158,0.0]]],
[[[-145.4022,-16.4747,1.0486],[-145.4044,-16.4747,0.0],[-145.4028,-16.4769,0.0],[-145.4019,-16.4756,1.0486],[-145.4022,-16.4747,1.0486]]],
[[[-145.4394,-16.3736,0.3784],[-145.445,-16.3692,0.0],[-145.4467,-16.3711,0.0],[-145.4389,-16.3769,0.0],[-145.4294,-16.3806,2.0747],[-145.422,-16.3906,0.0],[-145.4117,-16.3981,0.0],[-145.4031,-16.4014,0.0],[-145.3828,-16.4183,0.6457],[-145.3642,-16.4442,0.0],[-145.3633,-16.4469,3.4343],[-145.3669,-16.4539,0.0],[-145.3661,-16.4586,0.4561],[-145.3631,-16.4589,0.536],[-145.36,-16.4536,0.0],[-145.3605,-16.4442,0.0],[-145.3797,-16.4172,0.0],[-145.3928,-16.405,0.0],[-145.4147,-16.3931,0.5574],[-145.4222,-16.3858,0.3763],[-145.4281,-16.3761,0.0],[-145.4353,-16.3761,0.0],[-145.4394,-16.3736,0.3784]]],
[[[-145.4506,-16.3692,0.0],[-145.4489,-16.3703,0.0],[-145.4483,-16.3681,0.0],[-145.45,-16.3672,0.0],[-145.4506,-16.3692,0.0]]],
[[[-145.5475,-15.6061,0.0],[-145.5489,-15.6017,0.0],[-145.5503,-15.605,0.0],[-145.5464,-15.6089,0.0],[-145.5475,-15.6061,0.0]]],
[[[-145.8811,-15.9839,1.6631],[-145.88,-15.985,0.0],[-145.8789,-15.9828,1.94],[-145.8803,-15.9817,1.94],[-145.8811,-15.9839,1.6631]]],
[[[-145.8839,-15.9311,0.0],[-145.8869,-15.9222,0.4339],[-145.8889,-15.9214,0.0],[-145.8875,-15.9286,0.0562],[-145.8822,-15.9397,3.8892],[-145.865,-15.9583,3.3978],[-145.865,-15.9606,4.2698],[-145.87,-15.9681,0.0],[-145.8633,-15.9694,0.0],[-145.8592,-15.9633,1.8221],[-145.8612,-15.9581,3.8645],[-145.8711,-15.9456,0.0],[-145.8791,-15.9389,2.7703],[-145.8839,-15.9311,0.0]]],
[[[-145.8933,-15.9086,0.0],[-145.8939,-15.9053,0.3275],[-145.8975,-15.9056,0.0],[-145.8922,-15.9139,0.0],[-145.8911,-15.9108,0.0],[-145.8933,-15.9086,0.0]]],
[[[-146.1958,-15.8453,1.4752],[-146.1967,-15.8428,0.5062],[-146.2,-15.8428,0.0],[-146.2069,-15.85,3.7631],[-146.2119,-15.8608,0.5858],[-146.2108,-15.8639,0.2534],[-146.2047,-15.8594,0.4291],[-146.2078,-15.8578,0.7088],[-146.2067,-15.8567,0.2829],[-146.2022,-15.8533,3.1778],[-146.1997,-15.8544,3.6384],[-146.2028,-15.8511,1.8573],[-146.1994,-15.8506,0.5758],[-146.1994,-15.8478,2.6047],[-146.1958,-15.8453,1.4752]]],
[[[-146.01,-15.8094,0.0],[-146.0114,-15.81,1.4893],[-146.0224,-15.8036,0.0],[-146.0305,-15.8031,0.9004],[-146.0294,-15.8058,0.4709],[-146.0222,-15.8072,1.957],[-146.0053,-15.8167,1.9596],[-145.9922,-15.8297,0.0],[-145.9831,-15.8361,2.3367],[-145.9808,-15.8353,2.405],[-145.9794,-15.8383,0.0],[-145.9733,-15.8403,0.0],[-145.9717,-15.8394,2.043],[-145.9714,-15.8411,0.0],[-145.963,-15.8456,0.7007],[-145.9481,-15.8512,4.6909],[-145.9412,-15.8597,0.4394],[-145.9373,-15.8608,2.349],[-145.9278,-15.8681,4.3681],[-145.9239,-15.875,0.0],[-145.92,-15.8731,0.7493],[-145.9158,-15.8749,0.0],[-145.9055,-15.8869,0.0],[-145.8992,-15.9022,0.0],[-145.8969,-15.9014,0.0],[-145.9041,-15.885,1.3051],[-145.915,-15.8706,0.0],[-145.92,-15.8693,3.8993],[-145.9326,-15.862,1.9621],[-145.9489,-15.847,1.4944],[-145.9727,-15.8372,1.0433],[-145.9839,-15.8308,1.12],[-145.9919,-15.8239,0.6099],[-145.9956,-15.8228,0.0],[-146.0028,-15.8133,0.0],[-146.01,-15.8094,0.0]]],
[[[-146.1886,-15.8358,0.1612],[-146.1794,-15.8303,0.3304],[-146.1769,-15.8264,0.0],[-146.1742,-15.8253,0.6604],[-146.1747,-15.8236,0.3953],[-146.1769,-15.8231,1.4709],[-146.185,-15.8289,0.56],[-146.1964,-15.84,0.5409],[-146.1961,-15.8417,0.5062],[-146.1936,-15.8431,0.0],[-146.1944,-15.8411,0.9071],[-146.1894,-15.8383,0.2352],[-146.1886,-15.8358,0.1612]]],
[[[-146.1611,-15.8139,0.5993],[-146.1589,-15.8114,1.2996],[-146.1606,-15.8092,0.1365],[-146.1747,-15.8214,0.128],[-146.1717,-15.8228,0.8073],[-146.1658,-15.8161,1.0707],[-146.1611,-15.8139,0.5993]]],
[[[-146.1578,-15.8053,0.4287],[-146.1558,-15.8061,0.0],[-146.1547,-15.8053,0.0],[-146.157,-15.8033,0.0],[-146.1578,-15.8053,0.4287]]],
[[[-146.0325,-15.8025,0.0],[-146.0333,-15.8042,0.7909],[-146.0322,-15.8058,0.0],[-146.0314,-15.8025,0.0],[-146.0325,-15.8025,0.0]]],
[[[-146.0597,-15.8019,0.0],[-146.0597,-15.8044,0.0],[-146.0583,-15.8053,0.0],[-146.0578,-15.8019,0.185],[-146.0597,-15.8019,0.0]]],
[[[-146.0547,-15.8047,0.0],[-146.0528,-15.8028,0.2107],[-146.0542,-15.8017,0.6952],[-146.0567,-15.8036,2.2508],[-146.0564,-15.805,0.0],[-146.0547,-15.8047,0.0]]],
[[[-146.0356,-15.8019,0.87],[-146.049,-15.8012,0.0],[-146.05,-15.8033,1.4801],[-146.0492,-15.8044,1.262],[-146.0353,-15.8047,0.0],[-146.0356,-15.8019,0.87]]],
[[[-146.0636,-15.8036,0.8423],[-146.0617,-15.8022,1.0476],[-146.0639,-15.8008,0.0],[-146.0644,-15.8031,0.0],[-146.0636,-15.8036,0.8423]]],
[[[-146.0883,-15.7914,1.0057],[-146.0953,-15.79,0.2589],[-146.0967,-15.7919,0.0],[-146.0711,-15.8008,0.4741],[-146.0719,-15.7972,0.0],[-146.0883,-15.7914,1.0057]]],
[[[-146.14,-15.7922,1.0707],[-146.1342,-15.7889,0.2581],[-146.1358,-15.7878,0.0],[-146.1392,-15.7889,0.0],[-146.1536,-15.7997,1.0494],[-146.1492,-15.8031,0.0],[-146.14,-15.7922,1.0707]]],
[[[-146.1056,-15.7883,0.0],[-146.1039,-15.7903,0.1807],[-146.1019,-15.7881,0.0],[-146.1033,-15.7869,0.2378],[-146.1056,-15.7883,0.0]]],
[[[-146.3581,-16.1164,7.3612],[-146.3672,-16.1156,0.0],[-146.3728,-16.1181,1.4782],[-146.3981,-16.1406,0.3459],[-146.3997,-16.1453,0.0],[-146.3992,-16.1506,0.0],[-146.3947,-16.1564,0.3464],[-146.3897,-16.1678,0.0],[-146.3778,-16.1831,0.0],[-146.3719,-16.1889,1.0562],[-146.3672,-16.1911,0.4189],[-146.3189,-16.1869,0.0],[-146.3114,-16.1767,0.0],[-146.3106,-16.1636,0.0],[-146.313,-16.155,9.9063],[-146.3194,-16.145,0.7582],[-146.3358,-16.1253,0.9669],[-146.3486,-16.1178,0.0],[-146.3581,-16.1164,7.3612]],
[[-146.37,-16.1256,0.5],[-146.3653,-16.1247,0.5],[-146.3622,-16.1222,4.2545],[-146.35,-16.1244,3.8227],[-146.3425,-16.1292,1.1228],[-146.3411,-16.1375,1.5079],[-146.3386,-16.1397,0.5],[-146.3339,-16.14,0.5],[-146.3317,-16.1417,0.5],[-146.3275,-16.1578,1.7762],[-146.3317,-16.1633,0.5],[-146.3364,-16.1756,3.9101],[-146.3403,-16.1789,0.5],[-146.3522,-16.1825,0.5],[-146.37,-16.1797,6.8224],[-146.3767,-16.1744,5.0155],[-146.3783,-16.1681,0.5],[-146.3867,-16.1625,0.5],[-146.3894,-16.1544,3.9066],[-146.3833,-16.1342,1.4186],[-146.3769,-16.1278,11.2597],[-146.37,-16.1256,0.5]]],
[[[-146.6153,-15.8439,0.0],[-146.6161,-15.845,0.9156],[-146.6203,-15.8442,0.0],[-146.6175,-15.8392,3.913],[-146.6183,-15.8353,1.5717],[-146.6194,-15.8397,3.6452],[-146.6236,-15.8447,0.6493],[-146.6297,-15.8422,0.0],[-146.6289,-15.8439,0.0],[-146.6211,-15.8469,0.0],[-146.6019,-15.8506,0.0],[-146.5989,-15.8497,0.0],[-146.6044,-15.8483,0.0],[-146.6064,-15.8458,0.3186],[-146.6083,-15.8478,0.0],[-146.6125,-15.8467,0.8767],[-146.6144,-15.8403,0.8199],[-146.6153,-15.8439,0.0]]],
[[[-146.67,-15.8314,0.0],[-146.6664,-15.8317,0.197],[-146.6678,-15.8286,3.6992],[-146.6656,-15.8219,7.0282],[-146.6667,-15.8203,0.0],[-146.6681,-15.8267,1.0335],[-146.6714,-15.8306,0.3867],[-146.67,-15.8314,0.0]]],
[[[-146.5294,-15.7675,0.0],[-146.5328,-15.7658,0.0],[-146.5344,-15.7675,0.0],[-146.5189,-15.7819,0.0],[-146.5172,-15.7808,2.5223],[-146.5167,-15.7842,0.0],[-146.5069,-15.7908,1.8041],[-146.4925,-15.8061,6.9914],[-146.4878,-15.8131,0.8487],[-146.4847,-15.8219,4.3473],[-146.4889,-15.8278,4.445],[-146.495,-15.8303,3.4701],[-146.4903,-15.8328,3.8157],[-146.4858,-15.8386,0.0],[-146.4861,-15.835,1.3648],[-146.4814,-15.8372,2.9479],[-146.4778,-15.8319,0.0],[-146.4781,-15.8275,0.0],[-146.4881,-15.8067,0.4498],[-146.4953,-15.8006,0.5369],[-146.5008,-15.7925,0.0],[-146.5294,-15.7675,0.0]]],
[[[-146.7911,-15.7814,0.0],[-146.7953,-15.7769,0.0],[-146.797,-15.7781,0.1001],[-146.7967,-15.78,0.0],[-146.7875,-15.785,0.0],[-146.7847,-15.7864,0.0],[-146.7822,-15.7856,0.0],[-146.7883,-15.7808,0.0],[-146.7911,-15.7814,0.0]]],
[[[-146.8056,-15.7714,0.4933],[-146.8072,-15.77,0.0],[-146.8091,-15.7717,0.0],[-146.8067,-15.7733,0.0],[-146.8056,-15.7714,0.4933]]],
[[[-146.8147,-15.7622,0.3088],[-146.8139,-15.7583,1.2712],[-146.8164,-15.7558,0.0],[-146.8228,-15.7606,4.5136],[-146.8258,-15.76,0.0],[-146.815,-15.7681,0.0],[-146.8139,-15.7667,0.0],[-146.8153,-15.765,0.7101],[-146.8147,-15.7622,0.3088]],
[[-146.8167,-15.7622,0.1494],[-146.8189,-15.7631,0.3642],[-146.8197,-15.7619,1.0665],[-146.8158,-15.7583,0.0],[-146.815,-15.7586,0.0],[-146.8167,-15.7622,0.1494]]],
[[[-146.8328,-15.7517,0.0],[-146.835,-15.7525,0.0],[-146.8383,-15.7511,0.0],[-146.8386,-15.7522,0.0],[-146.8299,-15.7564,0.0],[-146.8328,-15.7517,0.0]]],
[[[-146.5425,-15.755,0.507],[-146.5483,-15.7494,0.0],[-146.5514,-15.7508,3.6257],[-146.5392,-15.7636,0.0],[-146.5372,-15.7628,1.6133],[-146.5378,-15.7647,0.0],[-146.5364,-15.7658,1.5996],[-146.5339,-15.7631,1.2437],[-146.5408,-15.7581,0.9569],[-146.5425,-15.755,0.507]]],
[[[-146.5578,-15.7417,0.0],[-146.5633,-15.7378,0.0],[-146.565,-15.7389,0.4754],[-146.5647,-15.7417,0.4898],[-146.5597,-15.7461,0.0],[-146.5556,-15.7458,1.7055],[-146.5558,-15.7483,0.0],[-146.5528,-15.7503,0.0],[-146.5517,-15.7469,2.4676],[-146.5578,-15.7417,0.0]]],
[[[-146.5786,-15.7322,0.0],[-146.577,-15.7325,1.2202],[-146.5756,-15.7308,0.0],[-146.5772,-15.7294,0.0],[-146.5786,-15.7322,0.0]]],
[[[-146.5864,-15.7222,0.0],[-146.5917,-15.7197,0.0],[-146.5945,-15.7217,0.8254],[-146.5922,-15.7247,0.0],[-146.5883,-15.7244,0.0],[-146.5861,-15.7267,0.0],[-146.5844,-15.7256,0.0],[-146.5817,-15.7275,0.0],[-146.5864,-15.7222,0.0]]],
[[[-146.6095,-15.7153,0.3361],[-146.6086,-15.7164,0.0],[-146.6064,-15.7158,0.0],[-146.6086,-15.7142,0.0],[-146.6095,-15.7153,0.3361]]],
[[[-146.6131,-15.7153,0.7396],[-146.6117,-15.7158,0.7396],[-146.6114,-15.7131,0.9535],[-146.6136,-15.7144,0.4713],[-146.6131,-15.7153,0.7396]]],
[[[-146.6217,-15.7139,1.8847],[-146.6206,-15.7119,0.0],[-146.6231,-15.7111,0.0],[-146.6245,-15.7131,0.0],[-146.6217,-15.7139,1.8847]]],
[[[-146.6336,-15.7119,0.431],[-146.6308,-15.7142,0.7921],[-146.6286,-15.7128,0.0],[-146.6308,-15.7097,1.1231],[-146.6339,-15.7097,0.2711],[-146.6336,-15.7119,0.431]]],
[[[-146.8686,-15.7147,4.4907],[-146.8631,-15.7089,2.5034],[-146.8647,-15.705,4.7188],[-146.8733,-15.7136,1.4178],[-146.8711,-15.7167,0.2153],[-146.8686,-15.7147,4.4907]]],
[[[-146.8783,-15.7039,0.3899],[-146.8794,-15.705,0.2942],[-146.8781,-15.7069,0.0],[-146.8745,-15.7042,0.0],[-146.8731,-15.7,0.2199],[-146.8739,-15.6997,0.2199],[-146.8783,-15.7039,0.3899]]],
[[[-146.8686,-15.695,10.4776],[-146.8719,-15.6889,0.0],[-146.8736,-15.6908,1.0589],[-146.875,-15.6894,0.2251],[-146.8764,-15.6908,0.0],[-146.8683,-15.7028,1.8427],[-146.8664,-15.7,2.3532],[-146.8686,-15.695,10.4776]]],
[[[-146.8783,-15.6894,3.1587],[-146.8733,-15.6872,0.0],[-146.8747,-15.6831,2.1998],[-146.8789,-15.6847,0.0],[-146.88,-15.6878,1.7688],[-146.8783,-15.6894,3.1587]]],
[[[-146.715,-15.6825,0.0],[-146.7203,-15.6772,0.0],[-146.7236,-15.6794,0.2634],[-146.7183,-15.6842,0.0],[-146.7003,-15.6939,1.739],[-146.7028,-15.6897,2.5752],[-146.715,-15.6825,0.0]]],
[[[-146.7286,-15.6733,0.4211],[-146.735,-15.6686,0.2508],[-146.7364,-15.67,1.0468],[-146.7353,-15.6722,0.0],[-146.7261,-15.6783,0.0],[-146.7256,-15.6764,0.0],[-146.7286,-15.6733,0.4211]]],
[[[-146.87,-15.655,2.131],[-146.8733,-15.6553,3.2002],[-146.8755,-15.6536,0.1683],[-146.8811,-15.6567,1.1049],[-146.8864,-15.6625,0.0],[-146.8883,-15.6669,0.7255],[-146.8881,-15.6769,2.9071],[-146.8869,-15.685,0.0],[-146.8844,-15.6869,1.0359],[-146.8806,-15.6867,1.7688],[-146.88,-15.6856,0.0],[-146.8822,-15.6839,0.0],[-146.8747,-15.6772,2.3912],[-146.8717,-15.6683,0.0],[-146.8742,-15.665,0.0],[-146.8725,-15.6594,2.2022],[-146.87,-15.6617,0.0],[-146.8678,-15.6597,0.0],[-146.87,-15.655,2.131]]],
[[[-146.7653,-15.6656,2.1176],[-146.7614,-15.6644,7.8952],[-146.7642,-15.6619,2.7337],[-146.7678,-15.6631,2.9148],[-146.7653,-15.6656,2.1176]]],
[[[-146.7742,-15.6622,0.9042],[-146.7742,-15.6644,1.4308],[-146.7703,-15.6636,1.3238],[-146.7686,-15.6608,0.0],[-146.7697,-15.66,0.0],[-146.7742,-15.6622,0.9042]]],
[[[-146.7758,-15.6597,3.107],[-146.7769,-15.6583,1.5478],[-146.7786,-15.6611,0.0],[-146.7772,-15.6619,0.0],[-146.7758,-15.6597,3.107]]],
[[[-146.7881,-15.6539,4.7243],[-146.7903,-15.6511,0.0],[-146.797,-15.6511,0.0],[-146.7961,-15.6528,3.9517],[-146.7878,-15.6561,4.954],[-146.7836,-15.6603,0.0],[-146.7801,-15.6589,5.0626],[-146.7825,-15.6553,0.2469],[-146.7881,-15.6539,4.7243]]],
[[[-146.87,-15.6517,0.3487],[-146.8703,-15.6522,0.3487],[-146.8675,-15.6556,1.6604],[-146.8681,-15.6513,0.4145],[-146.87,-15.6517,0.3487]]],
[[[-146.6597,-15.7139,2.1238],[-146.6572,-15.7119,4.0166],[-146.6572,-15.7092,0.3637],[-146.6603,-15.71,4.3997],[-146.6597,-15.7139,2.1238]]],
[[[-146.6361,-15.7131,0.0],[-146.6358,-15.7103,0.2711],[-146.6386,-15.7094,0.0],[-146.6386,-15.7131,0.0],[-146.6361,-15.7131,0.0]]],
[[[-146.3425,-15.6089,1.1336],[-146.343,-15.61,1.3418],[-146.3411,-15.6111,2.5078],[-146.3403,-15.6094,1.6744],[-146.3425,-15.6089,1.1336]]],
[[[-146.3964,-15.5908,0.0],[-146.4053,-15.5814,0.5959],[-146.4089,-15.5839,1.203],[-146.3997,-15.5939,0.0],[-146.3953,-15.5922,0.4855],[-146.3964,-15.5908,0.0]]],
[[[-146.8017,-15.6464,5.5399],[-146.8033,-15.6475,2.6427],[-146.7994,-15.6506,0.9034],[-146.7989,-15.6492,4.3799],[-146.8017,-15.6464,5.5399]]],
[[[-146.8325,-15.6425,2.8001],[-146.8322,-15.6408,4.1918],[-146.8347,-15.6386,2.0584],[-146.8397,-15.6394,0.0],[-146.8519,-15.6472,0.0],[-146.8489,-15.6497,0.0],[-146.8383,-15.6428,6.9563],[-146.8325,-15.6425,2.8001]]],
[[[-146.8139,-15.6422,0.0],[-146.8122,-15.6433,0.0],[-146.8111,-15.6422,0.0],[-146.8133,-15.6408,0.0],[-146.8139,-15.6422,0.0]]],
[[[-146.8261,-15.6392,1.2698],[-146.8253,-15.6414,0.0],[-146.8236,-15.6403,5.3545],[-146.8253,-15.6386,1.2698],[-146.8261,-15.6392,1.2698]]],
[[[-146.4097,-15.5808,0.4276],[-146.4092,-15.5833,1.203],[-146.4061,-15.5803,1.066],[-146.4075,-15.5792,0.0],[-146.4089,-15.5817,0.0],[-146.4097,-15.5808,0.4276]]],
[[[-146.4106,-15.5714,5.6495],[-146.4119,-15.5672,0.0],[-146.4139,-15.5686,0.0],[-146.4147,-15.5731,3.6169],[-146.4161,-15.5689,2.4099],[-146.4192,-15.5711,3.2388],[-146.4142,-15.5781,0.0],[-146.4106,-15.5756,1.3809],[-146.4106,-15.5714,5.6495]]],
[[[-146.4222,-15.5569,2.0394],[-146.4217,-15.5536,0.7736],[-146.4247,-15.5531,1.1791],[-146.4261,-15.5544,0.0],[-146.4236,-15.5575,2.0394],[-146.4222,-15.5664,0.0],[-146.4194,-15.5683,0.0],[-146.4161,-15.5675,2.6216],[-146.4153,-15.5614,0.0],[-146.4169,-15.5583,0.0],[-146.4194,-15.5547,0.0],[-146.4222,-15.5569,2.0394]]],
[[[-146.422,-15.5492,1.9682],[-146.4247,-15.5489,2.941],[-146.4236,-15.5475,0.0],[-146.4247,-15.5464,2.508],[-146.4281,-15.5467,0.0],[-146.4258,-15.5511,3.3513],[-146.4231,-15.5517,0.0],[-146.422,-15.5492,1.9682]]],
[[[-146.8308,-15.6397,0.4903],[-146.8283,-15.6392,0.0],[-146.8297,-15.6378,0.0],[-146.8331,-15.6381,0.6852],[-146.8319,-15.6392,0.6852],[-146.8308,-15.6397,0.4903]]],
[[[-146.7505,-15.4236,0.0],[-146.7489,-15.4222,0.0],[-146.7531,-15.4192,0.0],[-146.7533,-15.4206,0.0],[-146.7505,-15.4236,0.0]]],
[[[-146.7208,-15.4214,0.0],[-146.7178,-15.42,0.0],[-146.7186,-15.4181,1.8208],[-146.7281,-15.4203,0.2976],[-146.7256,-15.4225,0.1564],[-146.7228,-15.4217,0.0],[-146.7222,-15.4192,0.3372],[-146.7208,-15.4214,0.0]]],
[[[-146.7144,-15.4175,0.0],[-146.7153,-15.4183,0.8337],[-146.7139,-15.4208,0.0],[-146.7131,-15.4194,0.0],[-146.7144,-15.4175,0.0]]],
[[[-146.4242,-15.5456,1.8086],[-146.4211,-15.5453,0.9847],[-146.4256,-15.535,1.8767],[-146.4297,-15.5403,1.4667],[-146.4286,-15.5444,0.0],[-146.4242,-15.5456,1.8086]]],
[[[-146.4292,-15.52,2.1673],[-146.4267,-15.5167,0.0],[-146.4278,-15.5153,0.0],[-146.4319,-15.5172,3.1634],[-146.4303,-15.5247,0.0],[-146.4314,-15.5281,0.3791],[-146.4306,-15.5311,0.0],[-146.4281,-15.5317,0.0],[-146.425,-15.53,0.0],[-146.4253,-15.5211,0.0],[-146.4292,-15.52,2.1673]]],
[[[-146.437,-15.5039,0.0],[-146.4339,-15.5031,0.0],[-146.4325,-15.5042,0.0],[-146.4308,-15.5022,0.826],[-146.4378,-15.5011,0.0],[-146.437,-15.5039,0.0]]],
[[[-146.437,-15.5006,0.0],[-146.4344,-15.4992,0.0],[-146.4383,-15.4983,0.0],[-146.4392,-15.4994,0.0],[-146.437,-15.5006,0.0]]],
[[[-148.2578,-15.8092,6.6001],[-148.2594,-15.8056,9.5027],[-148.2637,-15.8042,0.0],[-148.2719,-15.8061,0.0],[-148.2763,-15.8107,0.0],[-148.2785,-15.8177,0.0],[-148.2802,-15.8357,0.0],[-148.2843,-15.8492,0.0],[-148.2744,-15.8613,0.0],[-148.2658,-15.8675,0.0],[-148.2527,-15.8733,0.0],[-148.245,-15.8733,0.0],[-148.235,-15.8686,4.0022],[-148.2247,-15.8603,0.0],[-148.2178,-15.8461,0.0],[-148.2244,-15.8406,0.0],[-148.2367,-15.8394,0.0],[-148.2461,-15.8331,5.7189],[-148.2576,-15.8152,32.6988],[-148.2578,-15.8092,6.6001]]],
[[[-148.218,-15.1206,0.2971],[-148.2169,-15.1192,0.927],[-148.2189,-15.1142,0.0],[-148.2233,-15.1156,0.0],[-148.2225,-15.1214,0.0],[-148.218,-15.1206,0.2971]]],
[[[-147.94,-15.115,0.0],[-147.9403,-15.1097,0.0],[-147.9431,-15.1092,0.0],[-147.9453,-15.1111,0.0],[-147.9442,-15.1189,0.4585],[-147.94,-15.1242,0.1124],[-147.9375,-15.1211,0.3324],[-147.9392,-15.1197,0.6867],[-147.94,-15.115,0.0]]],
[[[-148.2475,-15.1075,3.037],[-148.2492,-15.1039,1.3371],[-148.2522,-15.1047,0.0],[-148.2513,-15.1125,0.0],[-148.2408,-15.1225,3.8328],[-148.2319,-15.1262,3.7242],[-148.2244,-15.1233,1.5808],[-148.2247,-15.1155,1.3078],[-148.2296,-15.1174,1.3622],[-148.238,-15.1171,3.1543],[-148.2437,-15.1135,3.7682],[-148.2475,-15.1075,3.037]]],
[[[-147.3033,-15.3161,0.0],[-147.3047,-15.3122,5.698],[-147.3086,-15.3092,0.0],[-147.3122,-15.3119,4.9565],[-147.3086,-15.3167,3.8119],[-147.3086,-15.3214,1.0067],[-147.312,-15.3144,0.0],[-147.3136,-15.3153,0.0],[-147.3139,-15.32,0.0],[-147.3167,-15.3131,0.9811],[-147.3214,-15.3139,0.6764],[-147.3225,-15.315,4.1223],[-147.3189,-15.3194,9.2946],[-147.3186,-15.3222,4.425],[-147.3242,-15.325,0.4933],[-147.32,-15.3267,0.0],[-147.3158,-15.3242,0.9029],[-147.3064,-15.3233,0.0],[-147.3025,-15.3194,0.0],[-147.3033,-15.3161,0.0]]],
[[[-147.3294,-15.3158,0.0],[-147.3303,-15.3172,3.0503],[-147.3289,-15.3183,0.0],[-147.3272,-15.3164,0.0],[-147.3294,-15.3158,0.0]]],
[[[-147.5036,-15.2961,0.0],[-147.5078,-15.295,2.9308],[-147.5131,-15.3003,0.2882],[-147.5189,-15.2972,0.2414],[-147.5196,-15.2981,0.0],[-147.4989,-15.3069,0.2706],[-147.4825,-15.3183,0.0],[-147.4756,-15.3186,0.0],[-147.4511,-15.315,0.0],[-147.4353,-15.3167,0.0],[-147.4119,-15.3161,0.5444],[-147.395,-15.3122,0.9279],[-147.3825,-15.3153,0.7843],[-147.3658,-15.3236,0.4694],[-147.3525,-15.3256,0.0],[-147.3389,-15.3244,0.4785],[-147.3389,-15.3233,0.4785],[-147.343,-15.3228,0.0],[-147.3445,-15.3153,0.0],[-147.3461,-15.3233,0.0694],[-147.36,-15.3211,0.0],[-147.3619,-15.3222,0.0],[-147.3636,-15.3192,0.0],[-147.3673,-15.3197,0.908],[-147.3672,-15.3178,0.0],[-147.3717,-15.3175,0.0],[-147.3736,-15.3147,0.0],[-147.3769,-15.3164,1.9406],[-147.3786,-15.3111,0.0],[-147.3836,-15.3131,1.4066],[-147.385,-15.3108,0.0],[-147.3894,-15.3108,0.0],[-147.3905,-15.3067,0.0],[-147.3915,-15.311,0.2168],[-147.3931,-15.3086,0.0],[-147.3947,-15.3108,0.0],[-147.3969,-15.3075,0.0],[-147.3989,-15.3097,0.6644],[-147.4011,-15.3047,0.0],[-147.4031,-15.3106,0.5398],[-147.4067,-15.3061,0.0],[-147.4214,-15.31,4.1122],[-147.4303,-15.3094,0.0],[-147.44,-15.3056,0.0],[-147.4467,-15.3092,3.8609],[-147.4514,-15.3078,0.0],[-147.4528,-15.3125,2.9355],[-147.4539,-15.3094,0.0],[-147.4575,-15.3131,0.488],[-147.4611,-15.3092,0.0],[-147.4753,-15.3131,7.8181],[-147.4819,-15.3122,3.22],[-147.485,-15.3111,0.0],[-147.4947,-15.3011,0.0],[-147.5036,-15.2961,0.0]]],
[[[-147.3019,-15.3094,0.0],[-147.3028,-15.3067,0.0],[-147.3044,-15.3056,0.0],[-147.305,-15.3072,0.0],[-147.3019,-15.3094,0.0]]],
[[[-147.6672,-15.2319,0.834],[-147.6689,-15.2256,0.0],[-147.6775,-15.2281,0.0],[-147.6753,-15.2342,0.0],[-147.6617,-15.2333,0.0],[-147.6461,-15.2356,0.6654],[-147.6389,-15.235,0.1484],[-147.6336,-15.2383,0.0],[-147.6206,-15.2428,0.0],[-147.5964,-15.2422,0.5263],[-147.5908,-15.2444,0.0],[-147.5803,-15.2494,0.0],[-147.5656,-15.2647,0.0],[-147.5503,-15.2689,0.6551],[-147.5361,-15.2761,1.7133],[-147.5284,-15.284,1.4358],[-147.5222,-15.2942,0.3162],[-147.5203,-15.2931,0.556],[-147.5167,-15.2972,0.0],[-147.5144,-15.2967,0.0],[-147.515,-15.2922,0.0],[-147.5186,-15.2939,0.556],[-147.5167,-15.2906,1.3367],[-147.5189,-15.2908,3.8999],[-147.5158,-15.2878,0.0],[-147.5189,-15.2864,0.966],[-147.5228,-15.2881,1.0391],[-147.5272,-15.2822,1.4612],[-147.5236,-15.2775,0.0],[-147.5292,-15.2797,1.4315],[-147.53,-15.2786,0.0],[-147.5269,-15.2736,1.177],[-147.5281,-15.2728,0.0],[-147.5322,-15.2761,0.0],[-147.5342,-15.2736,0.3521],[-147.5342,-15.2708,0.8493],[-147.5322,-15.2689,0.0],[-147.5331,-15.2675,0.0],[-147.5364,-15.2717,0.6695],[-147.5381,-15.2717,0.9026],[-147.5419,-15.2697,0.3472],[-147.5431,-15.2706,0.3472],[-147.5486,-15.2667,0.0],[-147.5606,-15.2639,0.0],[-147.5622,-15.2625,0.85],[-147.5628,-15.2578,0.0],[-147.5636,-15.2617,0.85],[-147.565,-15.2619,0.7369],[-147.5644,-15.2547,2.4317],[-147.5692,-15.2508,0.0],[-147.5722,-15.2542,0.2821],[-147.5728,-15.2522,0.0],[-147.5711,-15.25,0.0],[-147.5747,-15.2515,0.3196],[-147.58,-15.2467,0.2903],[-147.5903,-15.2431,0.6226],[-147.5928,-15.2408,1.34],[-147.5925,-15.2361,0.0],[-147.5981,-15.2347,2.202],[-147.599,-15.2406,0.0],[-147.6019,-15.2392,0.0],[-147.6036,-15.235,6.3669],[-147.6078,-15.235,1.1676],[-147.6081,-15.2397,0.9763],[-147.6156,-15.2403,0.8492],[-147.6169,-15.2347,0.0],[-147.6189,-15.2367,0.0],[-147.6239,-15.2342,0.0],[-147.6264,-15.2383,0.9663],[-147.6269,-15.2336,0.0],[-147.63,-15.2319,0.0],[-147.6328,-15.2358,0.0],[-147.6336,-15.235,0.0],[-147.6317,-15.2319,0.0],[-147.6342,-15.2297,1.2997],[-147.6356,-15.2342,2.9849],[-147.6419,-15.2331,0.9206],[-147.6436,-15.2306,0.0],[-147.6422,-15.2283,0.0],[-147.6436,-15.2272,0.0],[-147.6458,-15.2272,0.0],[-147.6503,-15.2328,0.0],[-147.6508,-15.2311,0.0],[-147.6483,-15.2269,6.028],[-147.6503,-15.2261,0.0],[-147.6519,-15.2269,2.8221],[-147.6525,-15.2319,0.8355],[-147.6542,-15.2269,0.0],[-147.6564,-15.23,3.2773],[-147.6592,-15.2269,1.3667],[-147.661,-15.2313,0.3096],[-147.6639,-15.2319,0.0],[-147.6656,-15.229,0.0],[-147.6672,-15.2319,0.834]]],
[[[-147.5578,-15.2606,1.0934],[-147.5567,-15.2606,0.0],[-147.5553,-15.2586,0.0],[-147.5569,-15.2583,1.1907],[-147.5578,-15.2606,1.0934]]],
[[[-147.7211,-15.2425,0.0],[-147.7233,-15.2419,0.0],[-147.7208,-15.2467,0.0],[-147.7203,-15.245,1.3199],[-147.7211,-15.2425,0.0]]],
[[[-147.7242,-15.245,0.0],[-147.7247,-15.2419,0.0],[-147.7255,-15.2414,0.0],[-147.7258,-15.2453,0.6312],[-147.7242,-15.245,0.0]]],
[[[-147.7175,-15.2425,0.0],[-147.7195,-15.2444,0.0],[-147.7183,-15.2464,0.0],[-147.7147,-15.2431,0.0],[-147.7167,-15.2381,0.0],[-147.7178,-15.2394,0.0],[-147.7175,-15.2425,0.0]]],
[[[-147.6819,-15.2336,0.3524],[-147.6853,-15.2294,0.0],[-147.6856,-15.2325,1.9109],[-147.6875,-15.2308,0.0],[-147.6956,-15.2347,4.7348],[-147.7061,-15.2364,4.8254],[-147.7061,-15.2414,0.6014],[-147.7089,-15.2378,0.0],[-147.7131,-15.2378,0.0],[-147.7128,-15.2428,0.7374],[-147.7147,-15.245,0.6835],[-147.7114,-15.2458,0.0],[-147.7065,-15.2428,0.6014],[-147.6983,-15.2419,0.0],[-147.6972,-15.24,0.0],[-147.6819,-15.2336,0.3524]]],
[[[-147.5847,-15.2389,3.788],[-147.5842,-15.2369,0.0],[-147.5867,-15.2358,0.0],[-147.5869,-15.2389,0.0],[-147.5847,-15.2389,3.788]]],
[[[-147.6147,-15.2369,0.0],[-147.6128,-15.2383,0.3865],[-147.6119,-15.2361,0.0],[-147.6136,-15.2358,0.0],[-147.6147,-15.2369,0.0]]],
[[[-146.4453,-15.43,0.0],[-146.4425,-15.4297,0.0],[-146.4453,-15.4272,0.0],[-146.4467,-15.4289,0.0],[-146.4453,-15.43,0.0]]],
[[[-146.4408,-15.4139,0.0],[-146.4417,-15.4175,0.8657],[-146.4403,-15.4203,0.0],[-146.4389,-15.4072,0.0],[-146.4403,-15.4081,0.0],[-146.4408,-15.4139,0.0]]],
[[[-146.6586,-15.3944,0.0],[-146.6583,-15.3961,4.114],[-146.6564,-15.3961,4.114],[-146.6572,-15.3942,0.0],[-146.6586,-15.3944,0.0]]],
[[[-146.6258,-15.3714,0.9193],[-146.6267,-15.37,0.6158],[-146.6281,-15.3714,0.0],[-146.6255,-15.3733,0.0],[-146.6258,-15.3714,0.9193]]],
[[[-146.6241,-15.371,1.5135],[-146.6233,-15.3708,0.0],[-146.6253,-15.3689,0.0],[-146.6258,-15.3697,0.6158],[-146.6241,-15.371,1.5135]]],
[[[-146.6217,-15.3683,2.5763],[-146.6225,-15.3672,0.0],[-146.6239,-15.3683,0.0],[-146.6225,-15.37,0.0],[-146.6217,-15.3683,2.5763]]],
[[[-146.6222,-15.3597,0.0],[-146.6225,-15.3631,0.0],[-146.6189,-15.3636,0.0],[-146.6181,-15.3567,0.0],[-146.6186,-15.3561,0.0],[-146.6222,-15.3597,0.0]]],
[[[-146.4083,-15.3186,0.0],[-146.41,-15.3156,2.3882],[-146.4133,-15.3147,3.2995],[-146.4394,-15.3395,0.0],[-146.4444,-15.3544,5.2596],[-146.4422,-15.3642,2.5734],[-146.4425,-15.3722,0.3616],[-146.4442,-15.3753,4.4426],[-146.4431,-15.3797,0.7133],[-146.4411,-15.3803,0.0],[-146.438,-15.3775,1.2778],[-146.438,-15.3728,0.0],[-146.4414,-15.3717,1.2987],[-146.4378,-15.3706,0.9545],[-146.4386,-15.3683,2.2645],[-146.435,-15.3578,0.0],[-146.4364,-15.3497,6.7786],[-146.4325,-15.3411,2.7576],[-146.4175,-15.3256,0.0],[-146.4083,-15.3186,0.0]]],
[[[-146.7333,-15.4189,1.8132],[-146.73,-15.4197,0.0],[-146.7294,-15.4186,1.3764],[-146.7322,-15.4161,0.0],[-146.7333,-15.4189,1.8132]]],
[[[-146.7581,-15.3206,0.0],[-146.755,-15.3194,0.0],[-146.7575,-15.3175,0.0],[-146.7592,-15.3203,0.0],[-146.7581,-15.3206,0.0]]],
[[[-146.7122,-15.2958,0.1353],[-146.7142,-15.295,0.1869],[-146.7147,-15.2964,0.0],[-146.7136,-15.2969,0.0],[-146.7122,-15.2958,0.1353]]],
[[[-146.8817,-15.275,0.0],[-146.8783,-15.2767,0.0],[-146.8772,-15.2758,3.5998],[-146.8803,-15.2714,0.8038],[-146.8828,-15.2722,0.0],[-146.8897,-15.2811,0.0],[-146.8894,-15.2847,2.1161],[-146.8925,-15.2908,0.9267],[-146.8917,-15.2922,1.7456],[-146.8944,-15.3028,0.2537],[-146.8908,-15.3075,1.2104],[-146.8883,-15.3064,0.0],[-146.8889,-15.3033,0.0],[-146.8858,-15.3022,1.1854],[-146.8869,-15.2958,7.1025],[-146.8858,-15.2911,0.681],[-146.8869,-15.29,3.7586],[-146.8839,-15.2869,0.4096],[-146.885,-15.2825,3.2603],[-146.8831,-15.2792,1.7495],[-146.8817,-15.2794,0.3726],[-146.8817,-15.275,0.0]]],
[[[-147.3981,-15.3036,1.4676],[-147.3992,-15.305,5.9936],[-147.3978,-15.3064,0.0],[-147.3964,-15.3033,0.0],[-147.3981,-15.3036,1.4676]]],
[[[-147.2983,-15.3075,0.0],[-147.2958,-15.3031,0.0],[-147.2986,-15.3011,0.0],[-147.3014,-15.3053,0.0],[-147.2983,-15.3075,0.0]]],
[[[-147.2939,-15.3009,0.2837],[-147.2933,-15.2999,0.2837],[-147.2945,-15.2982,0.452],[-147.2949,-15.2985,0.452],[-147.2939,-15.3009,0.2837]]],
[[[-147.2872,-15.295,0.0],[-147.2856,-15.2936,0.2147],[-147.2881,-15.2917,0.0],[-147.2936,-15.2969,0.2594],[-147.2917,-15.2983,0.0],[-147.2894,-15.2972,0.9173],[-147.2894,-15.2953,2.2801],[-147.2872,-15.295,0.0]]],
[[[-147.2664,-15.2831,0.0],[-147.2683,-15.2842,0.0],[-147.2669,-15.2869,0.7053],[-147.2655,-15.2856,0.24],[-147.2664,-15.2831,0.0]]],
[[[-147.2294,-15.2819,1.0464],[-147.2286,-15.28,0.6715],[-147.2306,-15.2803,2.8458],[-147.2308,-15.2789,0.6704],[-147.2333,-15.2814,0.7157],[-147.2317,-15.285,0.1616],[-147.2297,-15.2844,0.5895],[-147.2294,-15.2819,1.0464]]],
[[[-147.245,-15.2825,0.6913],[-147.2428,-15.2825,-0.0006],[-147.2422,-15.2803,0.2678],[-147.2442,-15.2783,0.0],[-147.2478,-15.2792,0.1894],[-147.2481,-15.2819,1.2521],[-147.245,-15.2825,0.6913]]],
[[[-146.8781,-15.2719,1.1856],[-146.8755,-15.2742,0.0],[-146.8747,-15.2733,0.0],[-146.8764,-15.2692,0.0],[-146.8794,-15.2706,0.0],[-146.8781,-15.2719,1.1856]]],
[[[-146.8755,-15.2686,0.0],[-146.8739,-15.2714,0.0],[-146.8728,-15.2725,0.0],[-146.8736,-15.2678,0.0],[-146.8755,-15.2686,0.0]]],
[[[-146.8628,-15.2667,0.4054],[-146.8647,-15.2639,0.2286],[-146.8683,-15.2664,0.2853],[-146.865,-15.2706,1.1107],[-146.8628,-15.2667,0.4054]]],
[[[-146.8406,-15.2542,2.9536],[-146.8433,-15.2497,0.4972],[-146.8469,-15.2528,0.57],[-146.8492,-15.2525,0.0],[-146.8589,-15.2606,0.0],[-146.8595,-15.2653,0.6531],[-146.8578,-15.2669,0.0],[-146.8519,-15.2597,1.2032],[-146.8478,-15.2594,1.9678],[-146.8464,-15.2561,1.3044],[-146.8447,-15.2575,1.8962],[-146.8406,-15.2542,2.9536]]],
[[[-147.2392,-15.2303,0.0],[-147.2403,-15.2253,0.0],[-147.2436,-15.2231,1.9739],[-147.2544,-15.2325,1.0453],[-147.2694,-15.2367,1.8789],[-147.2725,-15.24,0.0],[-147.2714,-15.2417,0.0],[-147.2706,-15.2403,1.163],[-147.2669,-15.2425,1.1705],[-147.2625,-15.2419,0.0],[-147.255,-15.2403,0.0],[-147.2469,-15.2353,0.7355],[-147.2439,-15.2353,1.9891],[-147.2436,-15.2389,0.0],[-147.2396,-15.2423,2.9948],[-147.24,-15.245,1.0873],[-147.2383,-15.245,3.0629],[-147.2389,-15.2469,0.0],[-147.2369,-15.2514,0.0],[-147.2347,-15.2525,0.5455],[-147.2342,-15.2575,3.0635],[-147.2308,-15.2617,0.4121],[-147.23,-15.2658,1.5581],[-147.2256,-15.2678,0.9613],[-147.2264,-15.2733,0.7161],[-147.2233,-15.2728,2.4024],[-147.225,-15.2742,0.8431],[-147.2245,-15.2767,0.9113],[-147.2265,-15.2748,0.8455],[-147.2283,-15.2753,0.8455],[-147.2278,-15.2819,0.6247],[-147.2233,-15.2839,1.5342],[-147.2186,-15.2836,1.5166],[-147.2197,-15.2864,0.0],[-147.2131,-15.2842,0.2635],[-147.2094,-15.2803,0.0],[-147.2108,-15.2747,1.2573],[-147.2228,-15.2633,0.5604],[-147.2294,-15.2514,0.0],[-147.2336,-15.2472,0.0],[-147.2392,-15.2303,0.0]]],
[[[-146.8358,-15.2447,0.4505],[-146.8331,-15.2475,0.0],[-146.8328,-15.2461,0.0],[-146.8356,-15.2431,0.2151],[-146.8375,-15.2447,0.0],[-146.8342,-15.2483,0.0],[-146.8364,-15.2453,0.4505],[-146.8358,-15.2447,0.4505]]],
[[[-146.8306,-15.2461,0.0],[-146.8303,-15.2447,0.0],[-146.8344,-15.2414,0.5899],[-146.835,-15.2422,0.5899],[-146.8306,-15.2461,0.0]]],
[[[-146.8294,-15.2439,1.7316],[-146.8289,-15.2419,0.0],[-146.8331,-15.2397,0.7923],[-146.8333,-15.2408,0.7923],[-146.8294,-15.2439,1.7316]]],
[[[-146.828,-15.2394,1.47],[-146.8264,-15.2408,0.0],[-146.8236,-15.2375,1.4662],[-146.8267,-15.2333,0.0],[-146.8306,-15.2369,1.2631],[-146.828,-15.2394,1.47]]],
[[[-146.6781,-15.2328,0.0],[-146.6792,-15.2342,0.669],[-146.6786,-15.2369,0.1606],[-146.6769,-15.2342,0.0],[-146.6781,-15.2328,0.0]]],
[[[-146.8203,-15.2319,0.0],[-146.8247,-15.2294,0.0],[-146.8261,-15.2328,0.2225],[-146.8222,-15.2358,0.0],[-146.8203,-15.2319,0.0]]],
[[[-146.8175,-15.2258,0.0],[-146.8219,-15.2239,0.0],[-146.8236,-15.2278,0.0],[-146.8197,-15.2306,0.8481],[-146.8175,-15.2258,0.0]]],
[[[-146.7165,-15.2189,2.9267],[-146.7225,-15.2172,0.0],[-146.7286,-15.2183,0.8271],[-146.7289,-15.2197,0.0],[-146.7231,-15.2203,0.4995],[-146.7214,-15.2222,1.6718],[-146.7131,-15.2242,4.6628],[-146.7064,-15.2283,0.0],[-146.7036,-15.2278,1.1045],[-146.6969,-15.2322,0.2386],[-146.6936,-15.2306,0.6547],[-146.6881,-15.2322,1.2549],[-146.688,-15.2344,0.9343],[-146.6822,-15.2358,0.1459],[-146.68,-15.2339,0.669],[-146.6836,-15.2314,2.272],[-146.7033,-15.2261,0.2223],[-146.7111,-15.2206,1.7104],[-146.7165,-15.2189,2.9267]]],
[[[-147.7725,-15.2172,1.3226],[-147.7805,-15.2111,0.0],[-147.785,-15.2147,0.4983],[-147.7753,-15.2228,5.0226],[-147.7639,-15.2283,0.6678],[-147.7453,-15.2414,0.0],[-147.7328,-15.2478,0.0],[-147.7281,-15.2459,0.3755],[-147.73,-15.2425,0.0],[-147.7322,-15.2451,1.619],[-147.7319,-15.2383,0.6568],[-147.7369,-15.2386,4.6671],[-147.7411,-15.2367,3.6245],[-147.7667,-15.22,0.0],[-147.7678,-15.2211,0.0],[-147.7669,-15.2242,3.1879],[-147.77,-15.2238,0.4703],[-147.7703,-15.2211,4.7546],[-147.7686,-15.2194,0.0],[-147.7725,-15.2172,1.3226]]],
[[[-147.6633,-15.2264,2.5809],[-147.6636,-15.2286,1.6562],[-147.6622,-15.2297,0.0],[-147.6619,-15.2264,0.0],[-147.6633,-15.2264,2.5809]]],
[[[-147.7861,-15.2131,0.667],[-147.7833,-15.2103,0.0],[-147.7856,-15.2089,0.0],[-147.7872,-15.21,0.0],[-147.7875,-15.2156,0.5096],[-147.7861,-15.2131,0.667]]],
[[[-147.7911,-15.2103,0.6578],[-147.7928,-15.2128,0.2774],[-147.7939,-15.2069,0.0],[-147.7964,-15.2125,0.6545],[-147.7897,-15.2144,0.0],[-147.79,-15.2078,0.0],[-147.7911,-15.2103,0.6578]]],
[[[-147.8014,-15.2072,1.8902],[-147.8,-15.2114,0.4817],[-147.799,-15.2054,3.7661],[-147.8005,-15.205,2.0834],[-147.8014,-15.2072,1.8902]]],
[[[-147.797,-15.2092,0.0],[-147.7958,-15.2075,0.0],[-147.7966,-15.2067,0.0],[-147.7975,-15.2078,0.0],[-147.797,-15.2092,0.0]]],
[[[-147.8189,-15.2028,1.2673],[-147.82,-15.205,0.2872],[-147.8178,-15.2064,0.0],[-147.8158,-15.2022,3.6872],[-147.8169,-15.2008,0.0],[-147.8189,-15.2028,1.2673]]],
[[[-147.8267,-15.2033,0.0],[-147.8233,-15.2042,1.4572],[-147.8236,-15.2008,0.0],[-147.8251,-15.2023,0.9343],[-147.8271,-15.2015,0.6039],[-147.8267,-15.2033,0.0]]],
[[[-147.4055,-15.1633,7.7869],[-147.4086,-15.1603,1.325],[-147.4131,-15.16,4.5304],[-147.4133,-15.1619,1.3057],[-147.3997,-15.1794,5.5714],[-147.3961,-15.1808,2.7479],[-147.3947,-15.1792,4.4332],[-147.3939,-15.1819,0.0],[-147.3642,-15.2006,6.1401],[-147.3544,-15.2047,0.0],[-147.3486,-15.2111,2.4444],[-147.3386,-15.2158,7.9171],[-147.3356,-15.2189,0.4817],[-147.3331,-15.2258,2.2482],[-147.3303,-15.2267,4.1365],[-147.3314,-15.2289,0.0],[-147.3225,-15.2408,0.6523],[-147.3208,-15.24,0.0],[-147.3225,-15.2372,0.0],[-147.3208,-15.2364,0.9822],[-147.32,-15.2392,1.6692],[-147.3114,-15.2406,1.8261],[-147.3067,-15.2431,0.0],[-147.3028,-15.2419,0.6816],[-147.3019,-15.2436,0.239],[-147.2958,-15.2431,0.2888],[-147.2883,-15.2447,0.0],[-147.2867,-15.2436,1.5257],[-147.2833,-15.245,0.0],[-147.2789,-15.2431,0.0],[-147.2778,-15.2394,0.0],[-147.28,-15.2381,2.1105],[-147.3022,-15.2364,1.6185],[-147.3192,-15.2314,0.0],[-147.3206,-15.2322,0.0],[-147.3272,-15.2258,0.0],[-147.3314,-15.2164,6.0373],[-147.3361,-15.2111,0.61],[-147.3953,-15.1744,3.8888],[-147.4055,-15.1633,7.7869]]],
[[[-147.8311,-15.2006,0.1984],[-147.8314,-15.1985,0.0],[-147.8336,-15.1992,0.0],[-147.8347,-15.195,0.0],[-147.8383,-15.2017,0.1979],[-147.8347,-15.2006,0.0],[-147.8322,-15.2025,0.0],[-147.8311,-15.2006,0.1984]]],
[[[-147.8409,-15.198,0.3014],[-147.8414,-15.2011,0.0],[-147.8394,-15.1989,0.0],[-147.8406,-15.1931,2.0942],[-147.8417,-15.1939,0.0],[-147.8409,-15.198,0.3014]]],
[[[-147.8481,-15.1956,0.118],[-147.8492,-15.1981,0.0],[-147.8486,-15.1989,0.0],[-147.8475,-15.195,0.0],[-147.8481,-15.1956,0.118]]],
[[[-147.8494,-15.1931,0.0],[-147.8508,-15.1947,0.0],[-147.8506,-15.1972,0.0],[-147.8494,-15.1969,0.2128],[-147.8494,-15.1931,0.0]]],
[[[-147.8517,-15.1911,0.0],[-147.8531,-15.195,0.1656],[-147.8536,-15.1908,0.0],[-147.8547,-15.1961,0.0],[-147.8519,-15.1961,0.0],[-147.8517,-15.1911,0.0]]],
[[[-147.855,-15.1915,0.0],[-147.8563,-15.1928,0.0],[-147.8567,-15.1956,0.0],[-147.8562,-15.1953,0.0],[-147.855,-15.1915,0.0]]],
[[[-147.8591,-15.1906,0.0],[-147.8614,-15.1922,0.0],[-147.8603,-15.1944,0.0],[-147.8589,-15.1931,0.1162],[-147.8591,-15.1906,0.0]]],
[[[-147.8964,-15.1731,0.0],[-147.8961,-15.17,0.0],[-147.8997,-15.1722,0.0756],[-147.8986,-15.1747,0.1562],[-147.8964,-15.1731,0.0]]],
[[[-147.9328,-15.1378,0.0736],[-147.9331,-15.1397,0.1024],[-147.9311,-15.1408,0.3407],[-147.9286,-15.1369,0.6896],[-147.9294,-15.1364,0.6896],[-147.9328,-15.1378,0.0736]]],
[[[-147.9317,-15.1353,0.3766],[-147.9306,-15.1333,1.5228],[-147.9319,-15.1339,1.5228],[-147.937,-15.1281,0.0],[-147.9386,-15.1303,0.0],[-147.938,-15.1347,0.1557],[-147.9336,-15.1375,0.0736],[-147.9317,-15.1353,0.3766]]],
[[[-147.9394,-15.1258,0.0],[-147.9375,-15.1253,0.0],[-147.9353,-15.1228,0.0],[-147.9389,-15.1239,0.1124],[-147.9394,-15.1258,0.0]]],
[[[-148.2072,-15.115,0.0],[-148.2092,-15.11,0.31],[-148.2177,-15.1142,0.0],[-148.2153,-15.1189,0.3578],[-148.2072,-15.115,0.0]]],
[[[-148.2069,-15.1092,1.3593],[-148.2072,-15.1114,0.6578],[-148.2044,-15.1133,0.2791],[-148.2042,-15.1108,0.674],[-148.2069,-15.1092,1.3593]]],
[[[-148.1997,-15.1111,1.3239],[-148.2014,-15.1086,1.1662],[-148.2039,-15.1089,0.0],[-148.2017,-15.1122,0.0],[-148.1997,-15.1111,1.3239]]],
[[[-148.2572,-15.1031,0.0],[-148.2561,-15.1022,0.0],[-148.2541,-15.0985,0.0],[-148.2586,-15.1008,0.0],[-148.2572,-15.1031,0.0]]],
[[[-148.1761,-15.0914,0.81],[-148.1808,-15.0906,0.0],[-148.1825,-15.0922,0.0],[-148.1781,-15.0964,5.7287],[-148.1786,-15.0994,5.1111],[-148.185,-15.0942,0.0],[-148.1861,-15.0953,0.4335],[-148.1833,-15.0983,1.1501],[-148.1844,-15.1011,1.7021],[-148.188,-15.0956,0.0],[-148.1858,-15.1014,1.237],[-148.1878,-15.0994,0.0],[-148.1886,-15.1017,0.3158],[-148.1912,-15.0974,0.3527],[-148.1928,-15.0992,0.0],[-148.1911,-15.1036,0.0],[-148.1944,-15.1031,1.5744],[-148.2019,-15.1075,0.5999],[-148.1967,-15.11,0.0],[-148.1911,-15.1078,0.0],[-148.1897,-15.1047,0.0],[-148.1878,-15.1053,0.0],[-148.1764,-15.1003,0.4254],[-148.1711,-15.0997,0.0],[-148.1697,-15.0983,0.0],[-148.1706,-15.0936,0.7651],[-148.1739,-15.0911,0.0],[-148.1747,-15.095,1.2053],[-148.1761,-15.0953,0.7148],[-148.1786,-15.0931,0.632],[-148.1761,-15.0928,0.81],[-148.1761,-15.0914,0.81]]],
[[[-147.9406,-15.1006,0.9587],[-147.9406,-15.0958,0.6721],[-147.9425,-15.0947,0.2038],[-147.9453,-15.1008,0.0],[-147.9422,-15.1025,0.6248],[-147.9406,-15.1006,0.9587]]],
[[[-148.258,-15.0984,0.0],[-148.2547,-15.0975,0.0],[-148.2572,-15.0953,0.0],[-148.2603,-15.0996,0.0],[-148.258,-15.0984,0.0]]],
[[[-148.1564,-15.0947,0.3104],[-148.1536,-15.0928,0.0],[-148.1575,-15.0861,0.0],[-148.1586,-15.0867,0.0],[-148.157,-15.0894,0.0],[-148.1581,-15.0908,0.1228],[-148.1633,-15.0906,0.2619],[-148.1656,-15.0872,0.56],[-148.1703,-15.0906,1.7942],[-148.1681,-15.0986,0.2998],[-148.1614,-15.0975,0.7664],[-148.1564,-15.0947,0.3104]]],
[[[-147.9411,-15.0872,0.0],[-147.9422,-15.0925,0.8692],[-147.9403,-15.0936,0.0],[-147.9389,-15.0883,2.4512],[-147.94,-15.0864,0.3274],[-147.9411,-15.0872,0.0]]],
[[[-148.1619,-15.0874,0.0],[-148.1641,-15.0878,0.0],[-148.1644,-15.0883,1.244],[-148.1608,-15.0875,0.0],[-148.1619,-15.0874,0.0]]],
[[[-148.1356,-15.0822,0.0],[-148.1336,-15.0806,0.0],[-148.1364,-15.0767,1.6723],[-148.1395,-15.0772,0.9292],[-148.1392,-15.0808,1.3916],[-148.1411,-15.0792,0.1644],[-148.1422,-15.0806,1.1892],[-148.1436,-15.0783,0.2729],[-148.145,-15.0819,0.6064],[-148.1456,-15.0789,0.527],[-148.1475,-15.0786,0.768],[-148.1475,-15.0844,0.0],[-148.1506,-15.0836,0.8869],[-148.1514,-15.0856,0.6948],[-148.1519,-15.0835,0.8869],[-148.1555,-15.0856,0.0],[-148.1547,-15.0892,1.0468],[-148.1506,-15.0917,0.0],[-148.1356,-15.0822,0.0]]],
[[[-148.2685,-15.0817,1.2833],[-148.2681,-15.0847,0.0],[-148.2655,-15.0831,0.0],[-148.2664,-15.0811,0.0],[-148.2676,-15.0825,1.2833],[-148.2685,-15.0817,1.2833]]],
[[[-142.3422,-16.0325,0.0],[-142.3417,-16.0308,0.2514],[-142.3439,-16.0303,0.0],[-142.3439,-16.0317,0.0],[-142.3422,-16.0325,0.0]]],
[[[-142.3422,-16.0269,0.0],[-142.3403,-16.0283,0.0],[-142.3378,-16.0244,0.0],[-142.3408,-16.025,0.0],[-142.3422,-16.0269,0.0]]],
[[[-142.4506,-16.0128,0.9685],[-142.4517,-16.0106,0.212],[-142.4544,-16.0142,3.9898],[-142.4525,-16.0156,0.7012],[-142.4506,-16.0128,0.9685]]],
[[[-142.4506,-16.0078,0.0],[-142.4483,-16.0094,1.1565],[-142.4447,-16.0044,0.3095],[-142.4467,-16.0031,0.1102],[-142.4506,-16.0078,0.0]]],
[[[-142.4438,-16.0007,0.9596],[-142.4434,-16.0043,0.4361],[-142.4415,-16.0032,0.0],[-142.4414,-16.0012,0.0],[-142.4438,-16.0007,0.9596]]],
[[[-142.4381,-16.0007,0.411],[-142.4347,-15.9969,0.0],[-142.4361,-15.995,0.6808],[-142.4408,-15.9983,0.1511],[-142.4399,-16.0005,0.411],[-142.4381,-16.0007,0.411]]],
[[[-142.4297,-15.9939,0.0],[-142.4303,-15.9917,0.7536],[-142.4331,-15.9933,0.6435],[-142.4319,-15.9953,0.0],[-142.4297,-15.9939,0.0]]],
[[[-142.3586,-15.9372,0.1863],[-142.3556,-15.9356,0.0],[-142.3574,-15.9321,0.0],[-142.3745,-15.9408,0.0],[-142.3881,-15.9517,1.4191],[-142.3978,-15.9556,0.0],[-142.4086,-15.9717,1.2458],[-142.4195,-15.9794,0.0],[-142.4284,-15.9893,0.1933],[-142.4281,-15.9925,0.2488],[-142.4236,-15.99,0.0],[-142.4067,-15.9739,0.0],[-142.4067,-15.9722,1.6493],[-142.4044,-15.9719,0.2443],[-142.4017,-15.9683,0.0],[-142.4025,-15.9672,0.7866],[-142.3933,-15.9567,1.7629],[-142.3914,-15.9569,0.0],[-142.3828,-15.9522,0.1823],[-142.3758,-15.9456,0.7245],[-142.3742,-15.9464,0.0],[-142.3586,-15.9372,0.1863]]],
[[[-142.3369,-16.0167,0.0997],[-142.3339,-16.0189,0.0],[-142.3322,-16.0144,0.0],[-142.3333,-16.0133,0.0],[-142.3369,-16.0167,0.0997]]],
[[[-142.3289,-16.0097,0.0],[-142.3294,-16.0078,0.0],[-142.3319,-16.0078,0.0],[-142.3306,-16.0119,0.0],[-142.3289,-16.0097,0.0]]],
[[[-142.3317,-15.9267,0.6504],[-142.3353,-15.9256,0.0],[-142.3467,-15.9264,0.5402],[-142.3561,-15.9319,0.0],[-142.3539,-15.935,0.0],[-142.3472,-15.9317,0.0],[-142.3317,-15.9303,3.0242],[-142.3247,-15.9353,0.0],[-142.3217,-15.9347,0.5657],[-142.3144,-15.9472,4.1574],[-142.3139,-15.9531,4.1282],[-142.328,-15.9872,0.0],[-142.3303,-15.9997,0.2509],[-142.33,-16.0047,0.0],[-142.3275,-16.0056,0.0],[-142.3256,-16.0019,0.0],[-142.3264,-15.9994,0.1965],[-142.3239,-15.9867,0.5944],[-142.3211,-15.9844,0.0],[-142.3211,-15.9792,0.0],[-142.3073,-15.9558,0.0],[-142.3078,-15.9472,0.0],[-142.3114,-15.9389,0.0],[-142.3221,-15.9295,0.0],[-142.3317,-15.9267,0.6504]]],
[[[-142.2422,-15.8672,0.0],[-142.2411,-15.8658,0.0],[-142.2442,-15.8631,0.5093],[-142.2453,-15.8667,0.0],[-142.2422,-15.8672,0.0]]],
[[[-142.2631,-15.8461,0.0],[-142.2561,-15.8353,0.0],[-142.2558,-15.8331,0.3494],[-142.2578,-15.8311,0.0],[-142.2667,-15.8433,0.0],[-142.2703,-15.8511,1.3745],[-142.2694,-15.8531,1.5421],[-142.2708,-15.8572,2.8005],[-142.2644,-15.8619,0.0],[-142.2625,-15.8614,0.0],[-142.2622,-15.8583,0.0],[-142.265,-15.8558,0.0],[-142.2664,-15.8511,2.844],[-142.2631,-15.8461,0.0]]],
[[[-142.2533,-15.8269,0.0],[-142.2511,-15.8258,0.5715],[-142.25,-15.8228,0.3161],[-142.2469,-15.8217,2.2231],[-142.2486,-15.8181,0.27],[-142.2519,-15.8225,0.1471],[-142.255,-15.8239,0.0],[-142.2533,-15.8269,0.0]]],
[[[-142.2372,-15.8128,4.6173],[-142.2394,-15.8108,0.2231],[-142.245,-15.8169,0.0],[-142.2422,-15.8181,0.0],[-142.2372,-15.8128,4.6173]]],
[[[-142.2211,-15.8011,0.0],[-142.2228,-15.7989,0.3216],[-142.2288,-15.8008,0.0],[-142.2353,-15.8094,0.0],[-142.2308,-15.8092,0.3549],[-142.2211,-15.8011,0.0]]],
[[[-145.2544,-15.8756,0.4748],[-145.2567,-15.8739,0.1585],[-145.2581,-15.8747,0.1406],[-145.2558,-15.8769,0.0906],[-145.2544,-15.8756,0.4748]]],
[[[-145.1415,-15.7753,0.0],[-145.1475,-15.7747,3.7142],[-145.1759,-15.7813,0.4528],[-145.1967,-15.79,1.9837],[-145.2042,-15.7911,0.0],[-145.2064,-15.7958,0.0],[-145.1997,-15.7958,0.8601],[-145.195,-15.7922,1.4667],[-145.1786,-15.7856,0.217],[-145.1517,-15.7792,2.4932],[-145.1456,-15.7808,0.5123],[-145.1408,-15.7792,2.1346],[-145.1236,-15.7831,0.0],[-145.1144,-15.7867,0.6693],[-145.1086,-15.7917,2.291],[-145.1042,-15.8006,0.6893],[-145.1022,-15.8117,6.7727],[-145.1078,-15.8242,0.8964],[-145.1133,-15.8183,0.0],[-145.1114,-15.8253,2.1581],[-145.1156,-15.8308,0.0],[-145.1119,-15.8336,0.0],[-145.1075,-15.8313,0.0],[-145.1045,-15.8334,1.1048],[-145.0986,-15.8508,3.6823],[-145.0936,-15.8597,1.0206],[-145.0819,-15.8717,3.7003],[-145.0733,-15.8836,1.6258],[-145.0678,-15.8872,5.5999],[-145.0628,-15.8956,2.2029],[-145.0578,-15.9075,3.7599],[-145.055,-15.9194,4.4545],[-145.0539,-15.9369,0.0],[-145.0569,-15.9442,2.2302],[-145.0656,-15.9533,0.3297],[-145.0753,-15.9606,2.3278],[-145.0767,-15.9597,1.0626],[-145.0788,-15.9625,0.5509],[-145.08,-15.9614,0.5509],[-145.0805,-15.9626,0.0],[-145.0883,-15.9636,0.0],[-145.0869,-15.9661,0.2239],[-145.0787,-15.9658,0.2383],[-145.0585,-15.9528,0.3921],[-145.0522,-15.9444,1.6169],[-145.05,-15.9311,0.0],[-145.0558,-15.9028,0.7617],[-145.0647,-15.8856,0.0],[-145.0928,-15.8542,1.0036],[-145.0975,-15.8394,0.0],[-145.1024,-15.8299,0.0],[-145.1031,-15.8216,4.8743],[-145.0992,-15.8136,0.0],[-145.0992,-15.8057,2.4865],[-145.1053,-15.7881,4.2437],[-145.115,-15.7814,0.0],[-145.1415,-15.7753,0.0]]],
[[[-145.2581,-15.8661,0.0407],[-145.2567,-15.8663,0.0],[-145.2561,-15.8647,0.053],[-145.2583,-15.8647,0.0407],[-145.2581,-15.8661,0.0407]]],
[[[-145.2186,-15.8011,1.5418],[-145.2161,-15.7992,0.0986],[-145.2172,-15.7972,0.0],[-145.2206,-15.7981,0.3766],[-145.2293,-15.805,0.4622],[-145.2519,-15.8297,0.7835],[-145.2528,-15.8344,0.0585],[-145.2575,-15.8406,0.0],[-145.2611,-15.8494,1.6621],[-145.2583,-15.8567,0.1792],[-145.2606,-15.8586,0.7038],[-145.2583,-15.8617,0.0],[-145.2564,-15.8606,0.0],[-145.2572,-15.8506,3.3486],[-145.2495,-15.834,0.04],[-145.2389,-15.8197,0.2134],[-145.2186,-15.8011,1.5418]]],
[[[-144.4247,-16.3425,0.5109],[-144.4247,-16.3444,0.0],[-144.4228,-16.3444,1.0788],[-144.4206,-16.3414,1.8251],[-144.4233,-16.3408,0.5422],[-144.4247,-16.3425,0.5109]]],
[[[-144.4183,-16.3428,0.2737],[-144.4175,-16.3411,0.5753],[-144.4189,-16.3394,0.0],[-144.42,-16.3403,0.3136],[-144.4183,-16.3428,0.2737]]],
[[[-144.6408,-15.7197,0.866],[-144.6461,-15.7192,0.0],[-144.6492,-15.7211,0.0],[-144.655,-15.7361,0.0],[-144.6542,-15.7453,0.0],[-144.6447,-15.7581,0.0],[-144.6356,-15.765,0.0],[-144.6331,-15.765,0.0],[-144.6186,-15.7636,0.0],[-144.6122,-15.7583,0.0],[-144.6083,-15.7572,0.0],[-144.6069,-15.75,1.683],[-144.6128,-15.7408,0.0],[-144.6275,-15.7264,1.3456],[-144.6408,-15.7197,0.866]],
[[-144.6414,-15.7569,1.1631],[-144.6475,-15.7511,0.0],[-144.6514,-15.7419,2.1147],[-144.6508,-15.7361,2.7583],[-144.6478,-15.7292,0.0],[-144.6425,-15.7242,4.1058],[-144.6342,-15.7269,0.0],[-144.625,-15.7336,2.6482],[-144.6158,-15.7439,1.2823],[-144.6125,-15.7506,10.0392],[-144.6128,-15.7533,8.944],[-144.6156,-15.7561,0.0],[-144.6233,-15.7606,1.5118],[-144.6358,-15.7611,0.0],[-144.6414,-15.7569,1.1631]]],
[[[-144.5358,-14.9447,9.7399],[-144.5442,-14.9419,0.9473],[-144.5518,-14.9443,0.0],[-144.5646,-14.9598,0.0],[-144.548,-14.9597,0.0],[-144.5437,-14.9555,2.8699],[-144.5326,-14.9489,0.5025],[-144.5322,-14.9464,0.6091],[-144.5358,-14.9447,9.7399]]],
[[[-145.2147,-15.7958,0.0],[-145.2158,-15.7969,0.6599],[-145.215,-15.7981,0.0],[-145.2142,-15.7979,0.6599],[-145.2147,-15.7958,0.0]]],
[[[-145.1407,-14.5742,2.2762],[-145.1437,-14.5612,0.0],[-145.149,-14.5548,3.0698],[-145.1549,-14.5511,0.0],[-145.1654,-14.5504,0.0],[-145.1707,-14.5541,0.0],[-145.1911,-14.5619,4.217],[-145.2003,-14.5725,0.0],[-145.2068,-14.5856,0.4339],[-145.2168,-14.5951,2.3852],[-145.2266,-14.5994,0.0],[-145.2304,-14.6031,0.0],[-145.2386,-14.6178,0.0],[-145.2402,-14.6431,6.3255],[-145.2485,-14.6697,5.1324],[-145.2532,-14.6779,0.0],[-145.2579,-14.6808,0.0],[-145.2631,-14.6963,0.5058],[-145.2622,-14.6994,0.0],[-145.2525,-14.707,5.5296],[-145.2496,-14.7128,1.0177],[-145.2456,-14.7131,0.0],[-145.2413,-14.7087,2.3463],[-145.2367,-14.7075,3.2566],[-145.2321,-14.7042,0.0],[-145.2256,-14.6954,0.0],[-145.2218,-14.6937,0.0],[-145.2209,-14.6891,3.4623],[-145.216,-14.6817,0.6908],[-145.2104,-14.6766,3.3321],[-145.2077,-14.6645,1.2097],[-145.192,-14.6533,0.0],[-145.1844,-14.6448,0.0],[-145.1739,-14.6299,0.6355],[-145.1703,-14.6213,0.0],[-145.1576,-14.6045,2.4362],[-145.1488,-14.5963,0.0],[-145.1434,-14.5876,0.3306],[-145.1407,-14.5742,2.2762]],
[[-145.1662,-14.5557,4.2753],[-145.1567,-14.5553,0.0],[-145.1477,-14.5626,7.4339],[-145.1446,-14.5694,3.5088],[-145.1443,-14.5769,0.0],[-145.148,-14.5895,4.4361],[-145.1658,-14.609,0.0],[-145.1841,-14.64,1.4616],[-145.1871,-14.6419,3.2724],[-145.1962,-14.6541,0.0],[-145.201,-14.6555,0.0],[-145.2014,-14.6596,2.4296],[-145.2068,-14.6604,1.5314],[-145.2107,-14.6636,0.0],[-145.214,-14.6741,0.0],[-145.2262,-14.6916,3.9255],[-145.2334,-14.696,0.0],[-145.2335,-14.6992,1.9276],[-145.2398,-14.705,3.93],[-145.2432,-14.7065,4.6977],[-145.2504,-14.7041,0.0],[-145.2567,-14.6983,2.3664],[-145.2566,-14.6893,2.1722],[-145.2528,-14.6821,0.861],[-145.2502,-14.6816,0.0],[-145.2489,-14.6766,3.7207],[-145.2445,-14.67,0.0],[-145.2359,-14.6419,1.1396],[-145.2348,-14.62,9.3848],[-145.2297,-14.609,2.6281],[-145.212,-14.5959,4.3422],[-145.2051,-14.5889,0.0],[-145.197,-14.5741,1.2198],[-145.1898,-14.5666,0.7508],[-145.1836,-14.563,1.5497],[-145.1718,-14.5597,0.0],[-145.1662,-14.5557,4.2753]]],
[[[-145.0401,-14.4779,0.0],[-145.0419,-14.4799,0.7108],[-145.0377,-14.4797,0.0],[-145.0377,-14.479,1.6646],[-145.0401,-14.4779,0.0]]],
[[[-144.8658,-14.39,0.8849],[-144.8766,-14.3867,2.7162],[-144.8967,-14.3873,3.1288],[-144.9026,-14.3903,1.7714],[-144.9117,-14.3995,0.0],[-144.9259,-14.4069,3.985],[-144.9363,-14.4077,3.6872],[-144.9436,-14.4061,0.0],[-144.9526,-14.4073,2.2458],[-144.9688,-14.4142,1.129],[-144.9779,-14.4197,5.6393],[-144.9883,-14.4341,6.092],[-145.0092,-14.4476,0.0],[-145.0132,-14.4519,4.2803],[-145.0298,-14.4544,0.0],[-145.0407,-14.467,4.0545],[-145.0409,-14.473,1.2488],[-145.0367,-14.4744,0.0],[-145.0398,-14.4697,3.678],[-145.0361,-14.4689,2.1404],[-145.0334,-14.4622,5.3074],[-145.0252,-14.4582,0.6336],[-145.0104,-14.4544,3.3539],[-144.9851,-14.4359,0.0],[-144.9751,-14.4231,0.0],[-144.9582,-14.4132,0.0],[-144.9479,-14.4102,0.0],[-144.9233,-14.4105,0.0],[-144.9064,-14.4013,0.0],[-144.8994,-14.3934,1.5121],[-144.8945,-14.3916,0.0],[-144.8781,-14.3916,1.6664],[-144.8697,-14.3941,5.0496],[-144.8659,-14.3973,8.3615],[-144.8664,-14.4027,0.0],[-144.8693,-14.4075,0.0],[-144.8847,-14.4142,0.0],[-144.8918,-14.4187,4.4513],[-144.8977,-14.4259,0.0],[-144.9149,-14.4324,1.4866],[-144.9293,-14.4419,1.6248],[-144.942,-14.4621,4.406],[-144.9537,-14.4733,7.5361],[-144.9579,-14.4739,0.0],[-144.9656,-14.4795,0.0],[-144.9796,-14.4851,0.0],[-144.9965,-14.4953,4.1802],[-145.0026,-14.4953,0.0],[-145.021,-14.5059,1.3127],[-145.0275,-14.5077,0.0],[-145.0449,-14.5063,1.8723],[-145.0528,-14.5079,0.0],[-145.0609,-14.5128,0.0],[-145.0659,-14.5115,8.3756],[-145.0652,-14.5073,2.2588],[-145.054,-14.5026,5.9699],[-145.0462,-14.4952,0.0],[-145.0396,-14.4829,0.0],[-145.0425,-14.4808,0.7108],[-145.0473,-14.4907,0.0],[-145.0527,-14.4972,1.0166],[-145.0699,-14.5062,0.0],[-145.0722,-14.5113,0.0],[-145.0717,-14.5139,1.4726],[-145.0622,-14.5161,3.4006],[-145.0462,-14.5099,0.0],[-145.034,-14.5088,0.0],[-145.0272,-14.5104,2.5254],[-145.0149,-14.5066,0.0],[-145.009,-14.5016,2.0209],[-144.994,-14.497,1.3943],[-144.9488,-14.4732,0.0],[-144.9403,-14.4654,3.2475],[-144.9273,-14.4432,0.0],[-144.9205,-14.4401,0.0],[-144.9143,-14.4349,1.4179],[-144.8966,-14.4297,0.0],[-144.8862,-14.4185,0.0],[-144.8798,-14.4147,0.0],[-144.8569,-14.4078,1.3491],[-144.8551,-14.404,0.0],[-144.8572,-14.3972,0.0],[-144.8658,-14.39,0.8849]]],
[[[-142.1245,-15.7308,0.0],[-142.1325,-15.73,0.3669],[-142.1417,-15.7317,0.0],[-142.1425,-15.7339,0.0666],[-142.1403,-15.7381,0.0],[-142.1369,-15.7397,5.0994],[-142.1361,-15.7431,0.0],[-142.1389,-15.7483,0.5575],[-142.1658,-15.7742,2.5913],[-142.1986,-15.8169,0.0],[-142.2114,-15.8267,0.2686],[-142.2269,-15.8439,0.0],[-142.2314,-15.8514,0.2255],[-142.2394,-15.8603,0.0],[-142.2378,-15.8647,0.0],[-142.2353,-15.8645,0.0],[-142.2319,-15.8568,0.0],[-142.22,-15.8404,0.0],[-142.2014,-15.8216,0.0],[-142.1941,-15.8162,0.0],[-142.157,-15.7706,0.143],[-142.1389,-15.7558,0.0],[-142.1231,-15.7364,0.0],[-142.1222,-15.7333,0.0],[-142.1245,-15.7308,0.0]]],
[[[-142.1744,-15.7611,0.0],[-142.1758,-15.7586,0.4613],[-142.1781,-15.7592,0.1849],[-142.1867,-15.7711,0.2019],[-142.1925,-15.7744,0.0],[-142.1972,-15.7803,0.2077],[-142.2028,-15.7822,0.0],[-142.2108,-15.7881,0.0],[-142.2136,-15.7936,0.4996],[-142.2117,-15.7953,0.0],[-142.2092,-15.7911,0.7503],[-142.2078,-15.7922,0.8182],[-142.2039,-15.7878,1.319],[-142.1936,-15.7822,0.8905],[-142.1822,-15.7719,0.0],[-142.1744,-15.7611,0.0]]],
[[[-142.1436,-15.7381,0.0],[-142.1425,-15.7364,1.8199],[-142.1456,-15.7336,0.3778],[-142.15,-15.7353,0.6684],[-142.1517,-15.7344,0.0],[-142.1625,-15.7394,0.0],[-142.1725,-15.7475,0.1365],[-142.172,-15.7497,2.6373],[-142.175,-15.7564,0.0],[-142.1717,-15.7569,0.9071],[-142.1658,-15.7492,0.0],[-142.1669,-15.7461,1.1106],[-142.1642,-15.7467,0.0],[-142.1628,-15.7431,0.0],[-142.1606,-15.7442,2.2762],[-142.1597,-15.7411,1.376],[-142.1567,-15.7428,0.0],[-142.1539,-15.7411,0.0],[-142.1531,-15.7381,0.0],[-142.1503,-15.7389,4.9329],[-142.1494,-15.7375,0.8747],[-142.1475,-15.7397,0.0],[-142.1436,-15.7381,0.0]]],
[[[-141.2289,-14.19,0.0],[-141.2289,-14.1853,0.7909],[-141.2306,-14.1878,0.6675],[-141.2314,-14.1864,0.6675],[-141.2389,-14.1892,0.0],[-141.2408,-14.1875,0.0],[-141.2444,-14.1886,1.3916],[-141.2505,-14.1858,0.0],[-141.2539,-14.1878,0.6292],[-141.2522,-14.1919,0.0],[-141.2444,-14.1956,0.0],[-141.2289,-14.19,0.0]]],
[[[-141.1961,-14.1872,1.3217],[-141.1983,-14.1881,3.4851],[-141.1983,-14.1911,3.6478],[-141.1958,-14.1897,0.9371],[-141.1961,-14.1872,1.3217]]],
[[[-141.1994,-14.1889,2.1117],[-141.1994,-14.1864,2.291],[-141.2019,-14.1847,0.0],[-141.2033,-14.1867,1.2243],[-141.2044,-14.1856,0.0],[-141.2086,-14.1872,0.0],[-141.2186,-14.1856,0.0],[-141.2206,-14.1903,0.0],[-141.2136,-14.1936,0.0],[-141.2072,-14.1903,0.0],[-141.2022,-14.1889,0.0],[-141.2008,-14.1903,0.0],[-141.1994,-14.1889,2.1117]]],
[[[-141.2258,-14.1886,0.0],[-141.2244,-14.1883,0.0],[-141.2256,-14.185,0.0],[-141.2261,-14.1856,0.0],[-141.2258,-14.1886,0.0]]],
[[[-141.2522,-14.1842,0.0],[-141.2558,-14.1864,0.0],[-141.2556,-14.1881,0.0],[-141.2519,-14.1847,0.0],[-141.2522,-14.1842,0.0]]],
[[[-141.2567,-14.1844,0.0],[-141.2542,-14.1825,0.0],[-141.2542,-14.1817,0.0],[-141.2564,-14.1828,0.0],[-141.2567,-14.1844,0.0]]],
[[[-141.2358,-14.1486,0.0],[-141.2489,-14.1475,0.0],[-141.2522,-14.1492,0.8702],[-141.2519,-14.1522,0.7351],[-141.2492,-14.1542,0.6996],[-141.2467,-14.1522,3.0885],[-141.2364,-14.1531,0.0],[-141.2331,-14.1553,0.0],[-141.2153,-14.1603,4.4477],[-141.2111,-14.165,0.0],[-141.2039,-14.1694,2.2485],[-141.1986,-14.1753,2.529],[-141.1981,-14.1792,0.0],[-141.1958,-14.1781,0.0],[-141.1847,-14.1858,2.9886],[-141.187,-14.1892,1.5885],[-141.1917,-14.1881,6.7649],[-141.1925,-14.1892,6.7649],[-141.185,-14.1981,0.0],[-141.1772,-14.1958,1.6255],[-141.1764,-14.1892,0.0],[-141.1803,-14.1831,0.3686],[-141.187,-14.1778,0.7583],[-141.1931,-14.1758,4.6351],[-141.2069,-14.1611,0.0],[-141.21,-14.1603,5.4951],[-141.2156,-14.1553,0.7014],[-141.2358,-14.1486,0.0]]],
[[[-141.2617,-14.1639,1.7818],[-141.2603,-14.1636,0.0],[-141.2606,-14.1619,0.0],[-141.2644,-14.1594,0.0],[-141.2728,-14.1617,0.0],[-141.2764,-14.1664,0.0],[-141.2742,-14.1736,0.0],[-141.26,-14.1836,0.0],[-141.2583,-14.18,0.0],[-141.2606,-14.1786,0.0],[-141.2608,-14.1744,0.0],[-141.2678,-14.1733,2.2656],[-141.2697,-14.1711,0.0],[-141.2658,-14.1644,5.3362],[-141.2617,-14.1639,1.7818]]],
[[[-141.4311,-14.0917,0.708],[-141.4339,-14.0903,0.0],[-141.437,-14.0925,0.0],[-141.4367,-14.1019,0.0],[-141.4294,-14.1094,5.1423],[-141.4208,-14.1125,0.0],[-141.4192,-14.1106,0.0],[-141.42,-14.1056,0.8711],[-141.4311,-14.0917,0.708]]],
[[[-146.1097,-15.7861,0.0],[-146.1139,-15.7842,0.0],[-146.1186,-15.785,0.2606],[-146.1169,-15.7875,1.0581],[-146.1111,-15.7872,3.2652],[-146.108,-15.7893,0.1556],[-146.1072,-15.7867,0.6805],[-146.1097,-15.7861,0.0]]],
[[[-146.12,-15.7853,0.0],[-146.1217,-15.7836,0.0],[-146.1281,-15.7844,0.0],[-146.1319,-15.7881,0.0],[-146.1308,-15.7892,0.4667],[-146.1225,-15.7861,1.1704],[-146.1206,-15.7875,0.0],[-146.12,-15.7853,0.0]]],
[[[-145.5703,-15.5753,0.0],[-145.5697,-15.5742,0.0],[-145.5725,-15.5728,0.0],[-145.5786,-15.5636,1.3766],[-145.5803,-15.5569,1.1363],[-145.5825,-15.5564,1.5031],[-145.5842,-15.5592,1.8281],[-145.5822,-15.5611,0.8932],[-145.5831,-15.5636,0.4088],[-145.5789,-15.5747,0.0],[-145.5753,-15.5756,0.3355],[-145.5758,-15.5775,0.0],[-145.5728,-15.5819,0.0],[-145.5681,-15.585,0.0],[-145.5572,-15.5978,0.0],[-145.5531,-15.6005,0.0],[-145.5492,-15.5964,0.0],[-145.5497,-15.5947,0.5948],[-145.555,-15.5889,0.0],[-145.5556,-15.5914,0.0],[-145.5589,-15.5933,0.3289],[-145.5614,-15.5908,0.0],[-145.5592,-15.5875,0.0],[-145.5625,-15.5864,0.0],[-145.5611,-15.5833,0.0],[-145.5622,-15.5825,0.0],[-145.5647,-15.5844,0.0],[-145.5656,-15.5833,0.0],[-145.563,-15.5819,0.0],[-145.5644,-15.5806,0.0],[-145.5675,-15.5842,0.0],[-145.5653,-15.5797,0.0],[-145.5675,-15.5769,0.0],[-145.5706,-15.5794,0.3638],[-145.5717,-15.5761,0.0],[-145.5703,-15.5753,0.0]]],
[[[-146.2495,-15.5656,3.319],[-146.25,-15.5636,1.6123],[-146.2522,-15.565,4.9342],[-146.2503,-15.5669,0.5689],[-146.2495,-15.5656,3.319]]],
[[[-145.4931,-15.5839,0.0],[-145.4922,-15.5806,0.6701],[-145.4953,-15.5789,1.8546],[-145.4969,-15.5853,2.5965],[-145.4947,-15.6031,2.067],[-145.495,-15.6192,3.7185],[-145.5047,-15.6256,0.7587],[-145.5103,-15.6225,0.0],[-145.5144,-15.6244,0.0],[-145.5144,-15.6222,0.0],[-145.5186,-15.6222,0.0],[-145.5333,-15.6122,0.0],[-145.535,-15.6142,0.0],[-145.5431,-15.6094,0.0],[-145.545,-15.6111,0.0],[-145.5286,-15.6194,0.0],[-145.5139,-15.6294,0.0],[-145.51,-15.6289,0.3094],[-145.5094,-15.6275,0.6555],[-145.5083,-15.6294,0.3094],[-145.4975,-15.6283,0.0],[-145.4911,-15.6217,0.0],[-145.4908,-15.5989,0.0],[-145.4931,-15.5914,0.4146],[-145.4931,-15.5839,0.0]]],
[[[-145.4947,-15.5483,0.0],[-145.4975,-15.5475,1.262],[-145.4967,-15.5553,3.6852],[-145.4983,-15.5581,0.0],[-145.4953,-15.5617,7.9832],[-145.4956,-15.5731,0.0],[-145.4914,-15.5692,0.0],[-145.4924,-15.5661,1.1008],[-145.4911,-15.5578,0.0],[-145.4947,-15.5483,0.0]]],
[[[-145.4964,-15.5422,3.2261],[-145.4964,-15.5461,3.4847],[-145.4928,-15.5439,0.0],[-145.4928,-15.54,0.0],[-145.4897,-15.5358,3.1058],[-145.4917,-15.5331,0.0],[-145.4983,-15.5381,0.0],[-145.4964,-15.5422,3.2261]]],
[[[-145.4892,-15.5319,0.0],[-145.4875,-15.5303,0.0],[-145.4894,-15.5289,0.0],[-145.4914,-15.5314,0.0],[-145.4892,-15.5319,0.0]]],
[[[-145.4869,-15.5264,1.496],[-145.4855,-15.5278,1.8123],[-145.4841,-15.5276,1.8123],[-145.4858,-15.5253,0.7242],[-145.4869,-15.5264,1.496]]],
[[[-145.4833,-15.5261,0.9774],[-145.4817,-15.5247,0.9774],[-145.4842,-15.5236,0.7562],[-145.485,-15.5244,0.7562],[-145.4833,-15.5261,0.9774]]],
[[[-145.4547,-15.5114,1.1961],[-145.4522,-15.5089,0.0],[-145.453,-15.5072,0.0],[-145.4622,-15.5131,1.1141],[-145.4603,-15.5142,0.0],[-145.4547,-15.5114,1.1961]]],
[[[-145.5533,-15.4564,3.0236],[-145.5617,-15.4572,0.0],[-145.5699,-15.4637,0.0],[-145.5767,-15.4739,0.0],[-145.5811,-15.4847,0.0],[-145.5777,-15.4846,0.0],[-145.5769,-15.4797,0.9721],[-145.5742,-15.4781,0.4082],[-145.575,-15.4761,1.3217],[-145.5731,-15.4758,0.0],[-145.5672,-15.4669,0.0],[-145.5594,-15.4617,0.0],[-145.5517,-15.4608,2.4312],[-145.5431,-15.4647,0.5254],[-145.53,-15.4739,1.5445],[-145.5178,-15.4786,0.0],[-145.5039,-15.48,2.0326],[-145.4825,-15.4858,3.3825],[-145.4472,-15.4889,2.5827],[-145.4422,-15.4933,6.839],[-145.4414,-15.4981,4.1336],[-145.4433,-15.5017,2.0051],[-145.4452,-15.501,0.0],[-145.4494,-15.5056,0.0],[-145.4472,-15.5058,1.5121],[-145.4367,-15.5,2.7997],[-145.4386,-15.4894,1.2225],[-145.4425,-15.4861,0.0],[-145.4492,-15.4842,0.0],[-145.4564,-15.4853,2.3211],[-145.4808,-15.4819,0.0],[-145.5206,-15.4736,0.8937],[-145.5317,-15.4685,0.0],[-145.5421,-15.4609,0.0],[-145.5533,-15.4564,3.0236]]],
[[[-146.44,-15.4956,0.298],[-146.4383,-15.4964,0.0],[-146.4358,-15.4931,0.0],[-146.4383,-15.4881,0.0],[-146.4394,-15.4889,0.0],[-146.4383,-15.4908,0.0],[-146.4411,-15.4925,0.3691],[-146.44,-15.4956,0.298]]],
[[[-146.4425,-15.4853,0.4284],[-146.4425,-15.4869,0.0],[-146.4403,-15.4864,0.0],[-146.4414,-15.485,0.9321],[-146.4425,-15.4853,0.4284]]],
[[[-146.4414,-15.4328,0.0],[-146.4456,-15.4311,0.0],[-146.4475,-15.4347,0.0],[-146.4433,-15.4364,0.8916],[-146.4447,-15.4394,0.8268],[-146.4472,-15.4386,0.0],[-146.4478,-15.4397,0.0],[-146.4481,-15.4433,0.4272],[-146.4439,-15.4456,0.3458],[-146.4483,-15.4461,0.5073],[-146.4444,-15.4481,0.0],[-146.4483,-15.45,1.3638],[-146.4458,-15.4517,0.0],[-146.4486,-15.4528,0.0],[-146.4489,-15.455,0.0],[-146.4458,-15.4586,1.1361],[-146.4492,-15.4575,0.0],[-146.4511,-15.4631,0.4325],[-146.4508,-15.4661,0.0],[-146.4481,-15.4689,1.1839],[-146.4436,-15.4636,0.0],[-146.445,-15.4583,1.1361],[-146.4414,-15.4328,0.0]]],
[[[-146.3764,-15.3011,0.0],[-146.3811,-15.2986,0.0],[-146.385,-15.2986,0.9311],[-146.3892,-15.3008,2.216],[-146.3911,-15.2994,0.0],[-146.3964,-15.3006,0.0],[-146.4008,-15.3036,3.0625],[-146.3969,-15.3078,1.1203],[-146.3942,-15.3042,2.4558],[-146.3894,-15.3044,0.621],[-146.3869,-15.3017,1.2311],[-146.3842,-15.3053,0.0],[-146.3764,-15.3064,0.6823],[-146.3661,-15.3136,1.8725],[-146.3469,-15.3192,2.3851],[-146.3244,-15.3194,4.2865],[-146.3125,-15.315,0.0],[-146.2992,-15.3144,5.891],[-146.2778,-15.3219,0.0],[-146.2008,-15.3367,0.0],[-146.1964,-15.3389,2.5522],[-146.1931,-15.3433,1.3927],[-146.1919,-15.3492,0.0],[-146.1986,-15.3756,2.0441],[-146.1986,-15.3808,3.8808],[-146.21,-15.4006,0.0],[-146.2161,-15.4328,0.6851],[-146.2236,-15.4497,0.3096],[-146.2222,-15.4567,0.0],[-146.2242,-15.4617,3.7085],[-146.2272,-15.4875,0.0],[-146.2258,-15.49,3.9487],[-146.2253,-15.515,3.5088],[-146.2283,-15.5314,6.6126],[-146.2356,-15.5553,0.0],[-146.2394,-15.5589,1.4989],[-146.2483,-15.5625,0.0],[-146.2475,-15.5642,0.0],[-146.2431,-15.5622,0.0],[-146.2444,-15.5636,0.799],[-146.2439,-15.5675,0.0],[-146.2417,-15.5689,0.6054],[-146.2367,-15.5653,1.4937],[-146.2347,-15.5617,2.6116],[-146.2261,-15.5308,0.0],[-146.2244,-15.5289,0.0],[-146.2253,-15.5267,0.0],[-146.2222,-15.5042,1.8073],[-146.2244,-15.4789,2.7053],[-146.2195,-15.4569,1.9438],[-146.2206,-15.4497,0.8273],[-146.2128,-15.4325,2.1921],[-146.2061,-15.3994,3.0973],[-146.2033,-15.3947,0.0],[-146.1967,-15.3906,0.0],[-146.1953,-15.3878,0.0],[-146.195,-15.3747,0.0],[-146.1917,-15.3686,3.8458],[-146.1903,-15.3564,0.0],[-146.1864,-15.3436,0.0],[-146.1867,-15.3367,0.0],[-146.1928,-15.3325,0.0],[-146.2164,-15.3297,0.4926],[-146.2281,-15.3258,0.0],[-146.2411,-15.325,1.1637],[-146.2511,-15.3217,0.0],[-146.2836,-15.3158,0.0],[-146.3019,-15.3075,0.0],[-146.313,-15.3089,0.0],[-146.3225,-15.3128,0.0],[-146.3331,-15.3144,0.0],[-146.3564,-15.3128,0.0],[-146.3711,-15.3056,0.0],[-146.3764,-15.3011,0.0]]],
[[[-145.5825,-15.5525,0.8289],[-145.5814,-15.5508,0.0],[-145.5833,-15.5444,0.0],[-145.5864,-15.5417,0.0],[-145.5869,-15.5447,0.0],[-145.5842,-15.55,0.0],[-145.585,-15.5519,0.4949],[-145.5825,-15.5525,0.8289]]],
[[[-145.5867,-15.5394,0.0],[-145.585,-15.5392,0.0],[-145.5847,-15.5383,0.0],[-145.5872,-15.5375,0.0],[-145.5867,-15.5394,0.0]]],
[[[-145.5794,-15.4883,1.1056],[-145.58,-15.4861,0.3866],[-145.5828,-15.4867,0.4678],[-145.5878,-15.4958,0.0],[-145.5875,-15.5011,1.9829],[-145.5908,-15.5042,0.0],[-145.5894,-15.5114,1.2285],[-145.5911,-15.5147,0.0],[-145.5908,-15.5283,0.0],[-145.5875,-15.5361,1.0194],[-145.5856,-15.5347,0.0],[-145.5869,-15.53,1.0155],[-145.5858,-15.5175,0.0],[-145.5881,-15.5122,0.3003],[-145.5861,-15.5103,0.0],[-145.585,-15.5044,0.0],[-145.5864,-15.5025,2.2094],[-145.5794,-15.4883,1.1056]]],
[[[-146.2553,-14.5064,0.9279],[-146.2497,-14.5028,0.0],[-146.2508,-14.4986,0.0],[-146.2535,-14.5031,3.7624],[-146.2619,-14.5081,0.0],[-146.2678,-14.5147,4.5042],[-146.2772,-14.5194,3.0327],[-146.2872,-14.5186,1.8678],[-146.2883,-14.5206,1.1229],[-146.2856,-14.5222,0.0],[-146.2769,-14.5231,0.0],[-146.2669,-14.5189,0.0],[-146.2644,-14.5164,0.0],[-146.265,-14.5147,0.0],[-146.2553,-14.5064,0.9279]]],
[[[-146.3486,-14.5347,2.7461],[-146.3506,-14.5356,0.0],[-146.3483,-14.5378,2.1067],[-146.3467,-14.5361,0.0],[-146.3486,-14.5347,2.7461]]],
[[[-146.345,-14.535,1.5694],[-146.343,-14.5361,1.6109],[-146.3417,-14.535,1.6109],[-146.343,-14.5328,0.0],[-146.345,-14.535,1.5694]]],
[[[-146.3403,-14.5347,0.0],[-146.3392,-14.5339,0.5365],[-146.3417,-14.5314,0.0],[-146.3422,-14.5319,0.0],[-146.3403,-14.5347,0.0]]],
[[[-146.3381,-14.5308,0.0],[-146.3389,-14.5325,4.9945],[-146.3375,-14.5339,0.5365],[-146.3339,-14.5325,0.3981],[-146.335,-14.53,0.6983],[-146.3381,-14.5308,0.0]]],
[[[-146.2464,-14.4975,0.93],[-146.2472,-14.4997,0.0],[-146.2458,-14.5,0.0],[-146.2436,-14.4969,1.6515],[-146.2447,-14.4956,0.0],[-146.2464,-14.4975,0.93]]],
[[[-146.0561,-14.4594,0.0],[-146.0597,-14.4581,0.0],[-146.0608,-14.4592,0.0],[-146.0558,-14.465,0.0],[-146.0456,-14.4651,0.0],[-146.0533,-14.4622,0.0],[-146.0561,-14.4594,0.0]]],
[[[-146.2483,-14.4258,0.0],[-146.2522,-14.4236,0.0],[-146.2689,-14.4286,1.4816],[-146.2917,-14.4292,0.0],[-146.3114,-14.4319,1.4579],[-146.3425,-14.4431,1.6793],[-146.3561,-14.4525,0.5027],[-146.3586,-14.4558,0.0],[-146.3561,-14.4583,0.0],[-146.3408,-14.4464,0.7214],[-146.3103,-14.4361,2.2054],[-146.2894,-14.4328,4.8786],[-146.2786,-14.4336,0.0],[-146.2678,-14.4322,0.9943],[-146.2594,-14.4283,3.2812],[-146.2267,-14.4375,2.6475],[-146.2214,-14.4433,2.3946],[-146.2217,-14.4553,2.6197],[-146.2325,-14.4867,1.6425],[-146.2369,-14.4919,1.4612],[-146.2417,-14.4944,0.7983],[-146.2383,-14.4967,0.0],[-146.2283,-14.4881,0.0],[-146.2281,-14.4822,1.5264],[-146.2211,-14.4689,0.0],[-146.2172,-14.4417,0.0],[-146.22,-14.4353,0.0],[-146.2239,-14.4333,0.0],[-146.2347,-14.4322,3.6793],[-146.2386,-14.4297,0.0],[-146.2411,-14.4308,3.4773],[-146.2428,-14.4283,2.0258],[-146.2444,-14.4289,2.0258],[-146.2483,-14.4258,0.0]]],
[[[-145.8465,-14.3422,0.0],[-145.8539,-14.331,0.0],[-145.8625,-14.3287,1.8973],[-145.8781,-14.3302,2.8656],[-145.8872,-14.334,0.4781],[-145.9011,-14.3357,1.3679],[-145.9123,-14.3422,0.4385],[-145.9243,-14.3457,0.6193],[-145.9288,-14.349,0.0],[-145.9326,-14.357,0.242],[-145.9379,-14.3629,0.0],[-145.9442,-14.3657,2.0528],[-145.9516,-14.3655,0.7192],[-145.9682,-14.3712,0.0],[-145.9755,-14.3766,0.4505],[-145.9803,-14.3829,0.7905],[-145.9869,-14.387,2.5032],[-145.9947,-14.3868,0.9698],[-146.0025,-14.3889,0.3199],[-146.0161,-14.4025,1.875],[-146.0239,-14.4075,1.8805],[-146.0511,-14.4164,4.8855],[-146.07,-14.4353,0.7584],[-146.0747,-14.4375,0.0],[-146.0778,-14.4467,0.0],[-146.0697,-14.4556,0.8297],[-146.0658,-14.4583,0.0],[-146.0617,-14.4589,0.5537],[-146.0628,-14.4511,0.0],[-146.0647,-14.4528,0.0],[-146.0667,-14.4508,0.0],[-146.0681,-14.4519,3.2209],[-146.07,-14.4506,2.7474],[-146.0711,-14.4481,0.0],[-146.0703,-14.4431,2.2911],[-146.0647,-14.4386,0.0],[-146.0656,-14.4364,0.0],[-146.0489,-14.4197,0.0],[-146.0228,-14.4106,1.5001],[-145.997,-14.392,0.598],[-145.982,-14.3879,1.4305],[-145.979,-14.3839,0.0],[-145.9665,-14.3749,0.0],[-145.9387,-14.3672,0.5351],[-145.9298,-14.3593,0.0],[-145.9293,-14.3549,0.0],[-145.924,-14.3507,5.6634],[-145.9192,-14.3477,2.2794],[-145.9127,-14.3463,0.0],[-145.9032,-14.3403,2.9211],[-145.8855,-14.3374,2.5832],[-145.8766,-14.3335,2.3311],[-145.8596,-14.3337,2.741],[-145.8526,-14.3405,3.8143],[-145.8436,-14.3552,0.0],[-145.8409,-14.3616,0.0],[-145.8408,-14.3669,1.4449],[-145.8467,-14.3772,6.0569],[-145.8635,-14.3891,1.4342],[-145.8757,-14.4044,0.0],[-145.8818,-14.4051,1.6513],[-145.8994,-14.4157,0.0],[-145.9051,-14.4244,4.5288],[-145.9146,-14.4292,0.0],[-145.9177,-14.4326,0.748],[-145.9289,-14.4359,0.0],[-145.9408,-14.443,2.5324],[-145.9668,-14.4464,0.2464],[-145.9686,-14.4455,0.718],[-145.9853,-14.4567,7.074],[-145.9955,-14.4579,0.0],[-145.9963,-14.4565,0.0],[-146.0042,-14.4564,1.2292],[-146.0217,-14.46,0.9333],[-146.0339,-14.4656,0.0],[-146.0425,-14.4653,0.0],[-146.0425,-14.4664,0.0],[-146.0381,-14.4689,0.0],[-146.0344,-14.4689,0.0],[-146.0222,-14.4625,0.5191],[-146.0086,-14.4614,0.0],[-146.0028,-14.4583,0.2578],[-145.9939,-14.4591,0.0],[-145.9888,-14.4613,0.0],[-145.9793,-14.4572,0.0],[-145.9743,-14.4517,0.2191],[-145.9661,-14.4475,0.2464],[-145.958,-14.4484,0.0],[-145.9531,-14.4464,0.0],[-145.945,-14.4467,0.0],[-145.9365,-14.4448,0.0],[-145.9309,-14.4396,0.0],[-145.9173,-14.4357,0.0],[-145.9108,-14.43,0.0],[-145.9025,-14.4271,0.0],[-145.898,-14.4191,0.1682],[-145.8883,-14.4147,0.0],[-145.8825,-14.4089,0.4424],[-145.8753,-14.4078,2.0989],[-145.8628,-14.3936,0.0],[-145.8467,-14.3825,0.0],[-145.8354,-14.3689,0.0],[-145.8348,-14.3643,0.0],[-145.8465,-14.3422,0.0]]],
[[[-146.8181,-15.2225,0.0],[-146.8206,-15.2214,1.0273],[-146.8214,-15.2228,0.6106],[-146.8167,-15.2247,0.0],[-146.8181,-15.2225,0.0]]],
[[[-146.8139,-15.2192,0.4094],[-146.8183,-15.2158,0.0],[-146.82,-15.22,0.5113],[-146.8169,-15.2217,0.0],[-146.8139,-15.2192,0.4094]]],
[[[-146.7597,-15.2092,0.0],[-146.7644,-15.2075,0.0],[-146.7661,-15.2081,0.7621],[-146.7661,-15.2103,0.5889],[-146.7636,-15.2125,0.8698],[-146.7583,-15.2128,0.7766],[-146.7475,-15.2192,0.3375],[-146.7458,-15.2181,0.0],[-146.7394,-15.2214,0.0],[-146.7331,-15.2225,0.5362],[-146.73,-15.2197,0.0],[-146.7314,-15.2181,1.0099],[-146.7417,-15.2172,1.9891],[-146.7597,-15.2092,0.0]]],
[[[-146.795,-15.1994,0.0],[-146.8047,-15.1962,0.0],[-146.8081,-15.1967,2.224],[-146.8139,-15.2025,0.0],[-146.8175,-15.2119,0.0],[-146.813,-15.2147,0.0],[-146.8108,-15.2125,0.0],[-146.8117,-15.2111,0.2738],[-146.8019,-15.2033,1.2085],[-146.7878,-15.2072,0.0],[-146.7856,-15.2058,4.0575],[-146.7844,-15.2081,0.0],[-146.77,-15.2128,0.4403],[-146.7675,-15.2092,0.6366],[-146.7681,-15.2075,0.0],[-146.7778,-15.204,1.4106],[-146.795,-15.1994,0.0]]],
[[[-146.4019,-15.3092,1.9808],[-146.3997,-15.31,0.0],[-146.4025,-15.3044,0.0],[-146.41,-15.3122,0.0],[-146.4061,-15.3153,0.0],[-146.4019,-15.3117,4.2125],[-146.4036,-15.3097,7.1244],[-146.4019,-15.3092,1.9808]]],
[[[-146.6453,-15.2344,0.336],[-146.6494,-15.2325,0.0],[-146.6547,-15.2336,2.2262],[-146.6558,-15.2325,0.0],[-146.6592,-15.235,0.2],[-146.657,-15.2381,0.0],[-146.6542,-15.2375,3.5863],[-146.6506,-15.2394,0.7504],[-146.6486,-15.2369,1.2563],[-146.6469,-15.2394,0.9133],[-146.64,-15.2406,0.3079],[-146.6204,-15.2486,2.789],[-146.6108,-15.2547,2.8753],[-146.605,-15.2653,0.0],[-146.6039,-15.2775,0.0],[-146.6056,-15.2942,0.0],[-146.6044,-15.2978,1.5574],[-146.6058,-15.2997,0.0],[-146.6078,-15.3178,0.0],[-146.6081,-15.3253,0.6515],[-146.6069,-15.3261,2.0713],[-146.6142,-15.3472,0.0],[-146.6128,-15.3489,0.0],[-146.6108,-15.3475,0.0],[-146.6069,-15.3356,0.0],[-146.6047,-15.3175,0.8055],[-146.6028,-15.3153,0.0],[-146.6036,-15.3064,2.0955],[-146.6017,-15.3008,0.0],[-146.6033,-15.2983,2.0819],[-146.6014,-15.2936,0.0],[-146.6022,-15.2878,0.0],[-146.6,-15.2797,0.0],[-146.6011,-15.2614,0.0],[-146.6083,-15.2506,0.0],[-146.6167,-15.2453,0.0],[-146.6242,-15.2433,2.8003],[-146.6317,-15.2386,0.3674],[-146.6356,-15.2386,2.0568],[-146.6439,-15.2339,0.0],[-146.6453,-15.2344,0.336]]],
[[[-146.6628,-15.2369,0.6591],[-146.6603,-15.2358,0.2],[-146.6614,-15.2339,0.0],[-146.6717,-15.235,1.9257],[-146.6711,-15.2375,1.3724],[-146.6692,-15.2383,0.0],[-146.6669,-15.2386,0.2121],[-146.6653,-15.2364,1.2637],[-146.6628,-15.2369,0.6591]]],
[[[-146.3572,-14.5428,1.5216],[-146.3528,-14.5403,1.323],[-146.3542,-14.5369,2.2622],[-146.3672,-14.5467,0.7055],[-146.3711,-14.5514,0.0],[-146.3722,-14.5506,0.0],[-146.3753,-14.5544,0.0],[-146.3714,-14.5544,0.0],[-146.3572,-14.5428,1.5216]]],
[[[-146.3256,-14.5311,2.2603],[-146.3261,-14.5286,2.2218],[-146.3325,-14.5306,0.0],[-146.3311,-14.5322,0.0],[-146.3256,-14.5311,2.2603]]],
[[[-146.3706,-14.4897,2.7724],[-146.3706,-14.4858,0.4825],[-146.3728,-14.4842,0.0],[-146.3753,-14.4897,0.0],[-146.3747,-14.4953,0.0],[-146.3764,-14.5025,0.5049],[-146.3783,-14.5042,0.8628],[-146.3853,-14.5225,0.0],[-146.3911,-14.5297,0.8923],[-146.4019,-14.5528,0.0],[-146.4011,-14.5642,4.5137],[-146.3919,-14.5689,0.0],[-146.3786,-14.5611,0.9615],[-146.3769,-14.5581,3.0691],[-146.3781,-14.5547,1.984],[-146.3814,-14.5578,0.9794],[-146.3814,-14.5597,1.6796],[-146.3831,-14.5586,3.4061],[-146.3875,-14.5631,5.4669],[-146.3908,-14.5639,3.9649],[-146.3958,-14.5606,5.642],[-146.3975,-14.5569,1.1133],[-146.3933,-14.5511,2.0282],[-146.3947,-14.5464,2.4415],[-146.3931,-14.5464,2.4415],[-146.3894,-14.5383,1.3342],[-146.3903,-14.5372,0.5728],[-146.3858,-14.5306,1.4127],[-146.3872,-14.5292,1.3221],[-146.3831,-14.5256,0.0],[-146.3842,-14.5236,0.0],[-146.3778,-14.5164,0.7378],[-146.3794,-14.5144,1.0164],[-146.3767,-14.5119,2.5772],[-146.3775,-14.5092,1.1484],[-146.3742,-14.5078,0.0],[-146.3753,-14.5036,1.8392],[-146.3706,-14.4897,2.7724]]],
[[[-146.2933,-14.5225,0.8497],[-146.2897,-14.5208,1.1229],[-146.2903,-14.5178,0.0],[-146.2933,-14.5197,5.4721],[-146.3028,-14.5194,0.0],[-146.3086,-14.5225,3.8345],[-146.3169,-14.5242,0.0],[-146.3244,-14.5294,0.0],[-146.3189,-14.5306,0.0],[-146.3053,-14.5239,1.7491],[-146.2933,-14.5225,0.8497]]],
[[[-146.3578,-14.4608,0.0],[-146.3567,-14.46,0.0],[-146.3583,-14.4589,0.0],[-146.3628,-14.4603,0.9761],[-146.3694,-14.4675,0.0],[-146.3728,-14.475,1.0511],[-146.3725,-14.4831,0.0],[-146.3694,-14.4833,0.451],[-146.3675,-14.4744,1.11],[-146.3689,-14.4728,1.5811],[-146.3661,-14.4714,0.0],[-146.3578,-14.4608,0.0]]],
[[[-148.1492,-15.0822,0.5854],[-148.1484,-15.0808,0.0],[-148.1508,-15.0822,0.0],[-148.1494,-15.0825,0.5854],[-148.1492,-15.0822,0.5854]]],
[[[-148.1347,-15.0761,1.7217],[-148.1328,-15.0794,1.7812],[-148.1317,-15.0786,0.5501],[-148.1333,-15.0753,1.904],[-148.1347,-15.0761,1.7217]]],
[[[-148.2703,-15.0756,0.2079],[-148.2719,-15.0761,0.0],[-148.2717,-15.0772,0.1695],[-148.2704,-15.0764,0.1695],[-148.2703,-15.0756,0.2079]]],
[[[-148.1261,-15.0758,1.0619],[-148.1303,-15.0722,0.0],[-148.1306,-15.0772,0.8404],[-148.1283,-15.0781,0.0],[-148.1261,-15.0758,1.0619]]],
[[[-148.1208,-15.0744,1.7648],[-148.1194,-15.0725,0.0],[-148.1239,-15.0669,0.7686],[-148.1255,-15.0681,1.6477],[-148.1233,-15.0694,0.7806],[-148.1242,-15.0708,0.6465],[-148.1272,-15.0714,1.6294],[-148.1242,-15.0758,0.4969],[-148.1208,-15.0744,1.7648]]],
[[[-148.1114,-15.0658,0.0],[-148.1114,-15.0636,2.72],[-148.1142,-15.0611,0.0],[-148.1133,-15.0661,3.7152],[-148.1175,-15.0614,1.1199],[-148.1192,-15.0625,1.1199],[-148.1178,-15.0661,0.6306],[-148.1203,-15.0633,0.0],[-148.1194,-15.0669,3.266],[-148.1228,-15.0653,0.2552],[-148.1194,-15.0717,0.0],[-148.115,-15.07,0.0],[-148.1114,-15.0658,0.0]]],
[[[-148.1618,-15.0655,0.0],[-148.1628,-15.0658,0.0],[-148.1617,-15.0678,0.0],[-148.1608,-15.0666,0.0],[-148.1618,-15.0655,0.0]]],
[[[-148.1092,-15.0644,0.5883],[-148.1117,-15.0592,0.4814],[-148.1136,-15.0592,0.0],[-148.1105,-15.0647,0.0],[-148.1092,-15.0644,0.5883]]],
[[[-147.9342,-15.0983,0.0],[-147.937,-15.0956,0.0],[-147.9389,-15.0961,0.0],[-147.938,-15.0983,0.0],[-147.9342,-15.0983,0.0]]],
[[[-147.9319,-15.0569,0.0],[-147.935,-15.0538,0.0707],[-147.9392,-15.0589,0.0],[-147.9389,-15.0619,0.0],[-147.9422,-15.0683,0.3361],[-147.9414,-15.0708,0.7964],[-147.9428,-15.0758,0.0],[-147.94,-15.085,1.8601],[-147.9372,-15.0881,0.0],[-147.9347,-15.0872,0.9242],[-147.9286,-15.0896,0.0],[-147.93,-15.0908,0.0],[-147.9283,-15.0908,0.0],[-147.9269,-15.0958,1.3552],[-147.925,-15.0942,0.0],[-147.9256,-15.0917,0.0],[-147.9356,-15.0808,0.0],[-147.9344,-15.0725,0.0],[-147.9358,-15.0694,0.0],[-147.9378,-15.0697,3.2482],[-147.9361,-15.0658,1.1269],[-147.9339,-15.0658,0.0],[-147.9367,-15.0631,5.2852],[-147.9322,-15.0631,0.0],[-147.9348,-15.0584,0.8664],[-147.9317,-15.0592,1.0682],[-147.9319,-15.0569,0.0]]],
[[[-147.6158,-14.9814,4.5646],[-147.6248,-14.9711,0.0],[-147.6267,-14.9711,0.0],[-147.6278,-14.9756,1.9032],[-147.6255,-14.9789,2.1015],[-147.6153,-14.9856,0.0],[-147.5959,-14.9941,1.6132],[-147.5886,-14.9994,1.1563],[-147.5753,-15.0187,2.0359],[-147.5694,-15.0306,1.0822],[-147.5417,-15.0528,0.0],[-147.5283,-15.0733,1.0755],[-147.5131,-15.084,3.968],[-147.5058,-15.0914,0.0],[-147.4978,-15.0961,3.9084],[-147.4914,-15.1036,1.9868],[-147.4775,-15.1122,0.0],[-147.4678,-15.1139,0.6869],[-147.4483,-15.1267,0.9205],[-147.4397,-15.1342,0.9403],[-147.438,-15.1331,0.9051],[-147.4386,-15.135,0.0],[-147.4292,-15.1467,0.0],[-147.4275,-15.1514,3.9083],[-147.4197,-15.1586,0.0],[-147.4136,-15.1581,4.7843],[-147.4131,-15.1558,1.4649],[-147.423,-15.1472,0.0],[-147.435,-15.1319,0.0],[-147.4486,-15.1197,0.0],[-147.4686,-15.1069,0.0],[-147.4858,-15.1006,0.0],[-147.495,-15.0914,0.0],[-147.505,-15.0853,0.0],[-147.5195,-15.0733,0.2297],[-147.5372,-15.0508,0.0],[-147.5653,-15.0272,0.0],[-147.578,-15.0067,0.0],[-147.5892,-14.9925,0.0],[-147.5945,-14.9931,5.9216],[-147.6039,-14.9856,0.0],[-147.6158,-14.9814,4.5646]]],
[[[-147.9303,-15.0508,0.9125],[-147.9286,-15.0511,0.3581],[-147.9319,-15.0467,0.1253],[-147.9342,-15.0517,0.3107],[-147.9325,-15.0531,0.0],[-147.9308,-15.0519,0.7848],[-147.9314,-15.05,0.9125],[-147.9303,-15.0508,0.9125]]],
[[[-148.1097,-15.0597,0.0],[-148.1083,-15.0622,0.0],[-148.1078,-15.0625,0.0],[-148.1105,-15.0575,0.0],[-148.1097,-15.0597,0.0]]],
[[[-148.1072,-15.0586,0.0],[-148.1058,-15.0617,0.0],[-148.105,-15.0606,0.0],[-148.1081,-15.0564,0.3066],[-148.1072,-15.0586,0.0]]],
[[[-148.2797,-15.0589,0.5267],[-148.2792,-15.0569,1.1572],[-148.2825,-15.0572,0.0],[-148.2811,-15.06,0.0],[-148.2797,-15.0589,0.5267]]],
[[[-148.1039,-15.0597,0.0],[-148.1039,-15.0578,1.4953],[-148.1058,-15.055,0.0],[-148.105,-15.0594,1.364],[-148.1039,-15.0597,0.0]]],
[[[-148.1017,-15.0594,0.0],[-148.1006,-15.0578,0.0],[-148.1019,-15.0539,0.0],[-148.1028,-15.0564,0.0],[-148.1039,-15.0544,0.0],[-148.1039,-15.0564,1.4953],[-148.1031,-15.06,0.0],[-148.1017,-15.0594,0.0]]],
[[[-148.0883,-15.0544,0.4019],[-148.0928,-15.0506,0.4646],[-148.0956,-15.0514,1.1796],[-148.0975,-15.0567,0.7372],[-148.0986,-15.0533,0.0],[-148.1,-15.0536,0.0],[-148.0994,-15.0583,0.0],[-148.0939,-15.0589,0.0],[-148.0883,-15.0544,0.4019]]],
[[[-148.0875,-15.0489,1.0024],[-148.0907,-15.0498,0.0],[-148.0864,-15.0539,0.0],[-148.085,-15.0519,1.369],[-148.0875,-15.0489,1.0024]]],
[[[-148.0856,-15.0497,0.5383],[-148.0842,-15.0511,0.0],[-148.0822,-15.0497,0.0],[-148.085,-15.0461,0.0],[-148.0861,-15.0486,0.2335],[-148.0856,-15.0497,0.5383]]],
[[[-148.0775,-15.0489,0.0],[-148.0814,-15.0439,0.6157],[-148.0839,-15.0456,2.8148],[-148.0794,-15.0506,0.0],[-148.0775,-15.0489,0.0]]],
[[[-148.282,-15.0469,3.2755],[-148.2836,-15.0378,0.0],[-148.2881,-15.0375,0.7459],[-148.2883,-15.0475,0.0],[-148.2872,-15.0511,0.0],[-148.2839,-15.0539,0.0],[-148.2808,-15.0508,0.8551],[-148.282,-15.0469,3.2755]]],
[[[-148.0775,-15.0428,1.5275],[-148.0789,-15.0411,0.0],[-148.08,-15.0419,1.3233],[-148.0769,-15.0447,0.0],[-148.0775,-15.0428,1.5275]]],
[[[-148.285,-15.0367,0.5027],[-148.2842,-15.035,0.7337],[-148.2886,-15.0353,0.0],[-148.2876,-15.0364,0.7459],[-148.285,-15.0367,0.5027]]],
[[[-148.2831,-15.0303,0.2046],[-148.2843,-15.0286,0.2812],[-148.2834,-15.0277,0.0],[-148.2858,-15.0275,0.0],[-148.2875,-15.0319,0.4425],[-148.2836,-15.0336,0.0],[-148.2831,-15.0303,0.2046]]],
[[[-148.05,-15.0092,5.0452],[-148.0514,-15.0067,5.2414],[-148.0553,-15.0064,4.5421],[-148.0639,-15.0228,0.0],[-148.0611,-15.0253,0.5801],[-148.0644,-15.0239,0.0],[-148.0675,-15.0281,1.9972],[-148.0656,-15.0314,0.0],[-148.0681,-15.0294,0.0],[-148.0697,-15.0308,0.4922],[-148.0672,-15.0342,0.4958],[-148.0714,-15.0328,0.0],[-148.0722,-15.0344,0.0],[-148.07,-15.0372,1.2754],[-148.0736,-15.0356,1.1086],[-148.0753,-15.0378,2.3008],[-148.0736,-15.0403,0.6058],[-148.0764,-15.0383,0.0],[-148.078,-15.0403,0.5253],[-148.0756,-15.0436,0.2388],[-148.0681,-15.0361,3.1993],[-148.0651,-15.0353,0.0],[-148.0656,-15.0328,0.0],[-148.062,-15.0294,0.9949],[-148.05,-15.0092,5.0452]]],
[[[-148.2817,-15.0242,0.0],[-148.282,-15.0218,1.1558],[-148.2847,-15.0206,0.0],[-148.2869,-15.0264,0.0],[-148.2842,-15.0267,0.0],[-148.2817,-15.0242,0.0]]],
[[[-148.2828,-15.0172,0.4748],[-148.2842,-15.0185,0.0],[-148.2814,-15.0194,0.2679],[-148.2808,-15.0189,0.2679],[-148.2828,-15.0172,0.4748]]],
[[[-147.9258,-15.0475,0.0],[-147.9308,-15.0442,0.0],[-147.9314,-15.0447,0.1916],[-147.9269,-15.0494,1.1929],[-147.9258,-15.0475,0.0]]],
[[[-147.9283,-15.0456,0.953],[-147.925,-15.0461,0.0],[-147.9239,-15.0389,0.0],[-147.9256,-15.0372,0.0],[-147.9294,-15.0403,0.126],[-147.9303,-15.0433,0.0],[-147.9283,-15.0456,0.953]]],
[[[-147.9131,-15.0261,0.6663],[-147.9114,-15.0236,0.0],[-147.9147,-15.0206,0.0],[-147.9167,-15.0247,0.0879],[-147.9142,-15.0272,0.0],[-147.9131,-15.0261,0.6663]]],
[[[-147.8875,-14.9989,1.4244],[-147.8861,-14.9975,1.9153],[-147.8881,-14.9958,0.0],[-147.8939,-15.0003,0.0],[-147.8969,-15.0039,1.2717],[-147.8961,-15.0064,0.0],[-147.8944,-15.0072,0.7531],[-147.8875,-14.9989,1.4244]]],
[[[-148.2793,-15.0164,1.2383],[-148.2803,-15.0131,2.4877],[-148.2828,-15.0142,0.5615],[-148.2811,-15.017,1.3468],[-148.2793,-15.0164,1.2383]]],
[[[-148.28,-15.0114,0.2864],[-148.277,-15.0119,0.0],[-148.278,-15.0099,2.5735],[-148.2805,-15.0105,0.4432],[-148.28,-15.0114,0.2864]]],
[[[-148.2658,-14.9758,3.9257],[-148.265,-14.9744,0.0],[-148.2689,-14.9711,0.0],[-148.2779,-14.9877,0.0],[-148.2791,-15.0027,0.0],[-148.2775,-15.0082,0.0],[-148.2762,-15.0084,0.0],[-148.2766,-15.007,2.0061],[-148.2729,-15.0036,0.0],[-148.2747,-14.9997,1.6942],[-148.2717,-14.9897,0.0],[-148.2731,-14.9872,1.1935],[-148.2706,-14.9867,0.3448],[-148.2658,-14.9758,3.9257]]],
[[[-148.0979,-14.9728,0.0],[-148.0984,-14.9747,0.0],[-148.095,-14.9746,0.0],[-148.0964,-14.9725,0.0],[-148.0979,-14.9728,0.0]]],
[[[-147.843,-14.9167,0.3639],[-147.8478,-14.9178,0.0],[-147.8494,-14.9161,0.0],[-147.8531,-14.9183,0.0],[-147.8525,-14.9219,0.4054],[-147.8569,-14.9269,0.2754],[-147.8553,-14.9303,3.166],[-147.8586,-14.9319,0.0],[-147.8572,-14.9339,3.0138],[-147.8595,-14.9367,0.0],[-147.8586,-14.9442,0.0],[-147.8622,-14.9478,0.1873],[-147.8617,-14.9531,2.5929],[-147.8642,-14.955,2.5432],[-147.8678,-14.9678,1.6936],[-147.8836,-14.9911,0.0],[-147.8878,-14.9939,0.0],[-147.885,-14.9972,1.9153],[-147.8706,-14.9828,1.156],[-147.8692,-14.9786,1.767],[-147.8656,-14.9775,0.0],[-147.8669,-14.9747,3.8567],[-147.865,-14.9744,2.3628],[-147.8625,-14.9708,2.3218],[-147.8581,-14.9592,0.0],[-147.8599,-14.9516,0.1758],[-147.8583,-14.9486,1.0771],[-147.8522,-14.9497,0.0],[-147.8497,-14.9461,0.0],[-147.8533,-14.9453,0.0],[-147.8503,-14.9431,1.7944],[-147.85,-14.9339,6.3019],[-147.8458,-14.9303,0.0],[-147.8483,-14.9294,1.3015],[-147.8397,-14.9225,3.4468],[-147.825,-14.9247,0.0],[-147.8236,-14.9233,1.3484],[-147.8183,-14.9258,0.8311],[-147.8138,-14.9246,0.0],[-147.8064,-14.9286,0.0],[-147.7931,-14.93,0.5118],[-147.7833,-14.9361,2.5592],[-147.7638,-14.9372,2.1885],[-147.7486,-14.9408,1.248],[-147.7475,-14.94,1.248],[-147.745,-14.9419,0.0],[-147.7254,-14.9414,0.7611],[-147.7214,-14.9426,3.0656],[-147.7186,-14.9458,0.0],[-147.715,-14.9444,3.402],[-147.7131,-14.9461,1.0379],[-147.7144,-14.9367,0.0],[-147.7217,-14.9333,1.3293],[-147.7789,-14.9317,1.3642],[-147.7967,-14.9236,2.4141],[-147.8169,-14.9189,0.1159],[-147.843,-14.9167,0.3639]]],
[[[-147.703,-14.9383,3.3256],[-147.7098,-14.9376,0.8975],[-147.7103,-14.9444,0.0],[-147.7061,-14.9464,0.0],[-147.6956,-14.9458,1.5334],[-147.6722,-14.9542,2.4619],[-147.6473,-14.9603,0.9674],[-147.6353,-14.9658,3.8897],[-147.6333,-14.9692,2.4917],[-147.6344,-14.9719,0.0],[-147.6333,-14.9733,0.0],[-147.6292,-14.9711,0.0],[-147.6286,-14.9675,0.0],[-147.6303,-14.9647,2.872],[-147.6367,-14.9606,0.6812],[-147.6831,-14.9469,1.6105],[-147.703,-14.9383,3.3256]]],
[[[-147.8558,-14.9522,1.1424],[-147.855,-14.9531,0.0],[-147.8533,-14.9525,0.0],[-147.855,-14.9511,0.0],[-147.8558,-14.9522,1.1424]]],
[[[-147.7114,-14.9467,1.6835],[-147.7126,-14.9475,0.0],[-147.7109,-14.9488,0.0],[-147.7107,-14.9486,0.0],[-147.7114,-14.9467,1.6835]]],
[[[-148.1456,-14.905,1.3358],[-148.1689,-14.9047,0.332],[-148.1978,-14.91,0.2099],[-148.2106,-14.9189,0.0],[-148.2203,-14.9303,0.0],[-148.2172,-14.9335,0.0],[-148.2028,-14.9197,0.0],[-148.1933,-14.9142,0.9678],[-148.1653,-14.9086,2.0098],[-148.1483,-14.9092,2.9237],[-148.133,-14.912,1.959],[-148.1058,-14.9219,2.6298],[-148.0778,-14.935,1.5215],[-148.0617,-14.9453,1.9067],[-148.0553,-14.9525,6.8317],[-148.0497,-14.9757,0.0],[-148.0483,-14.9767,3.2252],[-148.0506,-14.9925,0.0],[-148.054,-15.0039,0.0],[-148.0492,-15.0063,0.0],[-148.0444,-14.9897,0.0],[-148.045,-14.9753,0.0],[-148.0494,-14.955,0.0],[-148.0564,-14.9444,0.0],[-148.0725,-14.9333,1.9195],[-148.1072,-14.9161,0.0],[-148.1308,-14.9078,0.0],[-148.1456,-14.905,1.3358]]],
[[[-148.2202,-14.9347,0.0],[-148.2244,-14.9336,0.1513],[-148.2364,-14.9386,0.1884],[-148.2553,-14.9533,0.091],[-148.2624,-14.961,0.0],[-148.2667,-14.9689,0.3576],[-148.2628,-14.9722,0.052],[-148.2545,-14.9619,0.1977],[-148.2564,-14.9586,0.1109],[-148.2525,-14.9615,0.0],[-148.2517,-14.9557,1.3775],[-148.25,-14.9575,0.0809],[-148.2311,-14.9422,1.6329],[-148.2236,-14.9386,0.0],[-148.2202,-14.9347,0.0]]],
[[[-148.1491,-14.9456,0.0],[-148.1505,-14.9453,0.2293],[-148.1515,-14.9458,0.2293],[-148.1497,-14.9466,0.0],[-148.1491,-14.9456,0.0]]],
[[[-148.6913,-14.8551,0.0],[-148.6944,-14.8536,0.0],[-148.7039,-14.8547,0.0],[-148.7125,-14.8619,0.0],[-148.7158,-14.8681,0.6919],[-148.718,-14.8764,0.0],[-148.7161,-14.8917,0.5007],[-148.7142,-14.8953,0.0],[-148.7069,-14.9014,0.0],[-148.685,-14.9103,0.0],[-148.6633,-14.9126,0.0],[-148.6469,-14.9047,0.0],[-148.6294,-14.9022,0.0],[-148.6255,-14.8986,0.0],[-148.6234,-14.887,0.0],[-148.6258,-14.8783,0.0],[-148.63,-14.8725,0.0],[-148.6433,-14.8656,0.0],[-148.6606,-14.8635,1.553],[-148.6747,-14.8589,0.0],[-148.6811,-14.8606,2.8564],[-148.6913,-14.8551,0.0]],
[[-148.6961,-14.8644,4.9954],[-148.6947,-14.8644,0.7439],[-148.6942,-14.8619,1.3058],[-148.6847,-14.8681,0.0],[-148.6775,-14.8636,1.7717],[-148.6731,-14.8636,1.7125],[-148.6642,-14.8672,3.2741],[-148.6456,-14.8697,1.5699],[-148.6403,-14.8717,0.0],[-148.6336,-14.8769,0.8063],[-148.6314,-14.8797,0.0],[-148.63,-14.8858,0.0],[-148.6381,-14.8922,0.0],[-148.6458,-14.8919,1.9263],[-148.6517,-14.8936,2.2959],[-148.6525,-14.895,0.0],[-148.6494,-14.8975,0.3044],[-148.6528,-14.8958,0.0],[-148.6542,-14.8984,6.4828],[-148.6553,-14.8964,0.0],[-148.6558,-14.9014,1.7855],[-148.6575,-14.8986,2.1055],[-148.6608,-14.8975,0.0],[-148.6664,-14.8994,0.0],[-148.6817,-14.8958,0.0],[-148.6889,-14.8969,2.6299],[-148.6931,-14.8925,0.0],[-148.6953,-14.8933,3.5922],[-148.7003,-14.8917,5.6097],[-148.7019,-14.8875,0.0],[-148.705,-14.8889,1.074],[-148.7072,-14.8861,0.0],[-148.7083,-14.8892,4.8964],[-148.7097,-14.8875,1.1868],[-148.7097,-14.8792,1.0199],[-148.7057,-14.8759,0.0],[-148.7022,-14.8764,0.0],[-148.7035,-14.873,0.0],[-148.7047,-14.875,0.0],[-148.7083,-14.8747,7.303],[-148.7075,-14.8706,0.0],[-148.7058,-14.8711,0.0],[-148.7047,-14.8694,0.0],[-148.7075,-14.8667,0.0],[-148.7019,-14.8686,0.0],[-148.6997,-14.8675,0.0],[-148.7019,-14.865,1.0133],[-148.6986,-14.8628,5.0866],[-148.6961,-14.8644,4.9954]]]]}
,"properties": {"GID_1": "PYF.5_1","GID_0": "PYF","country": "FrenchPolynesia","province": "ÎlesTuamotu-Gambier","VARNAME_1": "Tuāmotu-Gambier|ArchipelsdesTu","NL_NAME_1": "NA","TYPE_1": "Subdivisionsadministratives","ENGTYPE_1": "Administrativesubdivisions","CC_1": "NA","HASC_1": "PF.TG","ISO_1": "NA","name": "Îles_Tuamotu-Gambier.province","area_km2": 1035.749,"hist_schema_id": "Elevation0-9000","hist_area_km2": {"0": 995.654,"25": 15.3537,"50": 17.9081,"75": 6.3232,"100": 0.51}}}